Workbook

Sheet Overview
B1: ="OPS readiness – report "&TEXT(DATEVALUE('Thong tin'!$A$2),"d mmm yyyy")
B2: Live view of the data tables in this workbook. Edit the numbers in the data sheets (after "Huong dan"); this page recalculates at once.
B3: ="Manpower in "&TEXT(DATEVALUE(LOOKUP(2,1/('Nhan su theo thang'!$G$2:$G$300<>""),'Nhan su theo thang'!$A$2:$A$300)&"-01"),"mmm yyyy")&": "&LOOKUP(2,1/('Nhan su theo thang'!$G$2:$G$300<>""),'Nhan su theo thang'!$G$2:$G$300)&" / "&LOOKUP(2,1/('Nhan su theo thang'!$G$2:$G$300<>""),'Nhan su theo thang'!$F$2:$F$300)&" people against plan; OPS teams ORR checklist at "&TEXT(LOOKUP(2,1/('ORR theo thang'!$C$2:$C$300<>""),'ORR theo thang'!$C$2:$C$300)/100,"0.0%")&" vs plan "&TEXT(LOOKUP(2,1/('ORR theo thang'!$C$2:$C$300<>""),'ORR theo thang'!$B$2:$B$300)/100,"0.0%")&"; "&SUMIFS('PR dang xu ly'!$C$2:$C$300,'PR dang xu ly'!$B$2:$B$300,"Late")&" PRs late."
B5: ="OPS manpower · "&TEXT(DATEVALUE(LOOKUP(2,1/('Nhan su theo thang'!$G$2:$G$300<>""),'Nhan su theo thang'!$A$2:$A$300)&"-01"),"mmm yyyy") | F5: ="OPS teams ORR checklist · "&TEXT(DATEVALUE(LOOKUP(2,1/('ORR theo thang'!$C$2:$C$300<>""),'ORR theo thang'!$A$2:$A$300)&"-01"),"mmm yyyy") | J5: CBTA development (CPP & WHP) | N5: Mandatory training · offshore | R5: Procedures · HSE | general operations | V5: PRs in progress
B6: =LOOKUP(2,1/('Nhan su theo thang'!$G$2:$G$300<>""),'Nhan su theo thang'!$G$2:$G$300) | F6: =LOOKUP(2,1/('ORR theo thang'!$C$2:$C$300<>""),'ORR theo thang'!$C$2:$C$300)/100 | J6: =AVERAGE(SUMIFS('CBTA'!$F$2:$F$300,'CBTA'!$A$2:$A$300,"CPP")/SUMIFS('CBTA'!$C$2:$C$300,'CBTA'!$A$2:$A$300,"CPP"),SUMIFS('CBTA'!$F$2:$F$300,'CBTA'!$A$2:$A$300,"WHP")/SUMIFS('CBTA'!$C$2:$C$300,'CBTA'!$A$2:$A$300,"WHP")) | N6: =SUM('Dao tao bat buoc'!$C$2:$C$300)/SUM('Dao tao bat buoc'!$B$2:$B$300) | R6: =TEXT(AVERAGEIFS('Quy trinh'!$H$2:$H$300,'Quy trinh'!$B$2:$B$300,"HSE")/100,"0%")&" | "&TEXT(AVERAGEIFS('Quy trinh'!$H$2:$H$300,'Quy trinh'!$B$2:$B$300,"General operations")/100,"0%") | V6: =SUM('PR dang xu ly'!$C$2:$C$300)
B7: =TEXT(LOOKUP(2,1/('Nhan su theo thang'!$G$2:$G$300<>""),'Nhan su theo thang'!$G$2:$G$300)/LOOKUP(2,1/('Nhan su theo thang'!$G$2:$G$300<>""),'Nhan su theo thang'!$F$2:$F$300),"0%")&" of monthly plan ("&LOOKUP(2,1/('Nhan su theo thang'!$G$2:$G$300<>""),'Nhan su theo thang'!$F$2:$F$300)&")" | F7: ="Plan "&TEXT(LOOKUP(2,1/('ORR theo thang'!$C$2:$C$300<>""),'ORR theo thang'!$B$2:$B$300)/100,"0.0%")&" · "&IF(LOOKUP(2,1/('ORR theo thang'!$C$2:$C$300<>""),'ORR theo thang'!$C$2:$C$300)>=LOOKUP(2,1/('ORR theo thang'!$C$2:$C$300<>""),'ORR theo thang'!$B$2:$B$300),"+","")&TEXT(LOOKUP(2,1/('ORR theo thang'!$C$2:$C$300<>""),'ORR theo thang'!$C$2:$C$300)-LOOKUP(2,1/('ORR theo thang'!$C$2:$C$300<>""),'ORR theo thang'!$B$2:$B$300),"0.0")&" pts" | J7: ="Theory assessment "&TEXT(AVERAGE(AVERAGEIFS('CBTA'!$G$2:$G$300,'CBTA'!$A$2:$A$300,"CPP"),AVERAGEIFS('CBTA'!$G$2:$G$300,'CBTA'!$A$2:$A$300,"WHP"))/100,"0.0%")&" · OJT "&TEXT(AVERAGE(AVERAGEIFS('CBTA'!$I$2:$I$300,'CBTA'!$A$2:$A$300,"CPP"),AVERAGEIFS('CBTA'!$I$2:$I$300,'CBTA'!$A$2:$A$300,"WHP"))/100,"0.0%") | N7: =TEXT(SUM('Dao tao bat buoc'!$C$2:$C$300),"#,##0")&" / "&TEXT(SUM('Dao tao bat buoc'!$B$2:$B$300),"#,##0")&" courses completed" | R7: =COUNTIFS('Quy trinh'!$E$2:$E$300,"<>Yes",'Quy trinh'!$C$2:$C$300,"<>")&" procedures not yet issued" | V7: =SUMIFS('PR dang xu ly'!$C$2:$C$300,'PR dang xu ly'!$B$2:$B$300,"Late")&" late · "&SUMIFS('PR dang xu ly'!$C$2:$C$300,'PR dang xu ly'!$B$2:$B$300,"Near-late")&" near-late · "&SUMIFS('Goi chua co PR'!$C$2:$C$300,'Goi chua co PR'!$A$2:$A$300,"status")&" packages without PR"
B28: Current staffing
B29: Filled / required positions at the report date.
B30: Group | D30: Filled | E30: Required | F30: Filled %
B31: =IF(INDEX('Dinh bien'!$A$2:$A$300,1)="","",INDEX('Dinh bien'!$A$2:$A$300,1)) | D31: =IF(INDEX('Dinh bien'!$B$2:$B$300,1)="","",INDEX('Dinh bien'!$B$2:$B$300,1)) | E31: =IF(INDEX('Dinh bien'!$C$2:$C$300,1)="","",INDEX('Dinh bien'!$C$2:$C$300,1)) | F31: =IF(D31="","",D31/E31)
B32: =IF(INDEX('Dinh bien'!$A$2:$A$300,2)="","",INDEX('Dinh bien'!$A$2:$A$300,2)) | D32: =IF(INDEX('Dinh bien'!$B$2:$B$300,2)="","",INDEX('Dinh bien'!$B$2:$B$300,2)) | E32: =IF(INDEX('Dinh bien'!$C$2:$C$300,2)="","",INDEX('Dinh bien'!$C$2:$C$300,2)) | F32: =IF(D32="","",D32/E32)
B33: =IF(INDEX('Dinh bien'!$A$2:$A$300,3)="","",INDEX('Dinh bien'!$A$2:$A$300,3)) | D33: =IF(INDEX('Dinh bien'!$B$2:$B$300,3)="","",INDEX('Dinh bien'!$B$2:$B$300,3)) | E33: =IF(INDEX('Dinh bien'!$C$2:$C$300,3)="","",INDEX('Dinh bien'!$C$2:$C$300,3)) | F33: =IF(D33="","",D33/E33)
B34: =IF(INDEX('Dinh bien'!$A$2:$A$300,4)="","",INDEX('Dinh bien'!$A$2:$A$300,4)) | D34: =IF(INDEX('Dinh bien'!$B$2:$B$300,4)="","",INDEX('Dinh bien'!$B$2:$B$300,4)) | E34: =IF(INDEX('Dinh bien'!$C$2:$C$300,4)="","",INDEX('Dinh bien'!$C$2:$C$300,4)) | F34: =IF(D34="","",D34/E34)
B35: =IF(INDEX('Dinh bien'!$A$2:$A$300,5)="","",INDEX('Dinh bien'!$A$2:$A$300,5)) | D35: =IF(INDEX('Dinh bien'!$B$2:$B$300,5)="","",INDEX('Dinh bien'!$B$2:$B$300,5)) | E35: =IF(INDEX('Dinh bien'!$C$2:$C$300,5)="","",INDEX('Dinh bien'!$C$2:$C$300,5)) | F35: =IF(D35="","",D35/E35)
B37: ="Vacant positions: "&IFERROR(INDEX('Trang thai cong viec'!$C$2:$C$300,MATCH("Vacant positions",'Trang thai cong viec'!$B$2:$B$300,0)),"—")

Sheet Manpower & Training
B1: ="OPS readiness – report "&TEXT(DATEVALUE('Thong tin'!$A$2),"d mmm yyyy")
B2: Mandatory training, CBTA development and assessment, vendor training schedule.
B4: Mandatory training – PQPOC offshore staff | J4: CBTA by team: development and assessment
B5: Courses completed vs required by the HSE training matrix. Red below 30%. | J5: Modules developed and theory / OJT assessment progress.
B6: Team | D6: Planned | E6: Earned | F6: Balance | G6: Completed % | J6: Platform | K6: Team | L6: Modules | M6: Completed | N6: In dev. | O6: In review | P6: % developed | Q6: % theory | R6: OJT modules | S6: % OJT
B7: =IF(INDEX('Dao tao bat buoc'!$A$2:$A$300,1)="","",INDEX('Dao tao bat buoc'!$A$2:$A$300,1)) | D7: =IF(INDEX('Dao tao bat buoc'!$B$2:$B$300,1)="","",INDEX('Dao tao bat buoc'!$B$2:$B$300,1)) | E7: =IF(INDEX('Dao tao bat buoc'!$C$2:$C$300,1)="","",INDEX('Dao tao bat buoc'!$C$2:$C$300,1)) | F7: =IF(INDEX('Dao tao bat buoc'!$D$2:$D$300,1)="","",INDEX('Dao tao bat buoc'!$D$2:$D$300,1)) | G7: =IF(D7="","",E7/D7) | J7: =IF(INDEX('CBTA'!$A$2:$A$300,1)="","",INDEX('CBTA'!$A$2:$A$300,1)) | K7: =IF(INDEX('CBTA'!$B$2:$B$300,1)="","",INDEX('CBTA'!$B$2:$B$300,1)) | L7: =IF(INDEX('CBTA'!$C$2:$C$300,1)="","",INDEX('CBTA'!$C$2:$C$300,1)) | M7: =IF(INDEX('CBTA'!$F$2:$F$300,1)="","",INDEX('CBTA'!$F$2:$F$300,1)) | N7: =IF(INDEX('CBTA'!$D$2:$D$300,1)="","",INDEX('CBTA'!$D$2:$D$300,1)) | O7: =IF(INDEX('CBTA'!$E$2:$E$300,1)="","",INDEX('CBTA'!$E$2:$E$300,1)) | P7: =IF(L7="","",M7/L7) | Q7: =IF(J7="","",INDEX('CBTA'!$G$2:$G$300,1)/100) | R7: =IF(INDEX('CBTA'!$H$2:$H$300,1)="","",INDEX('CBTA'!$H$2:$H$300,1)) | S7: =IF(J7="","",INDEX('CBTA'!$I$2:$I$300,1)/100) | W7: =IF(J7="","",J7&" "&K7)
B8: =IF(INDEX('Dao tao bat buoc'!$A$2:$A$300,2)="","",INDEX('Dao tao bat buoc'!$A$2:$A$300,2)) | D8: =IF(INDEX('Dao tao bat buoc'!$B$2:$B$300,2)="","",INDEX('Dao tao bat buoc'!$B$2:$B$300,2)) | E8: =IF(INDEX('Dao tao bat buoc'!$C$2:$C$300,2)="","",INDEX('Dao tao bat buoc'!$C$2:$C$300,2)) | F8: =IF(INDEX('Dao tao bat buoc'!$D$2:$D$300,2)="","",INDEX('Dao tao bat buoc'!$D$2:$D$300,2)) | G8: =IF(D8="","",E8/D8) | J8: =IF(INDEX('CBTA'!$A$2:$A$300,2)="","",INDEX('CBTA'!$A$2:$A$300,2)) | K8: =IF(INDEX('CBTA'!$B$2:$B$300,2)="","",INDEX('CBTA'!$B$2:$B$300,2)) | L8: =IF(INDEX('CBTA'!$C$2:$C$300,2)="","",INDEX('CBTA'!$C$2:$C$300,2)) | M8: =IF(INDEX('CBTA'!$F$2:$F$300,2)="","",INDEX('CBTA'!$F$2:$F$300,2)) | N8: =IF(INDEX('CBTA'!$D$2:$D$300,2)="","",INDEX('CBTA'!$D$2:$D$300,2)) | O8: =IF(INDEX('CBTA'!$E$2:$E$300,2)="","",INDEX('CBTA'!$E$2:$E$300,2)) | P8: =IF(L8="","",M8/L8) | Q8: =IF(J8="","",INDEX('CBTA'!$G$2:$G$300,2)/100) | R8: =IF(INDEX('CBTA'!$H$2:$H$300,2)="","",INDEX('CBTA'!$H$2:$H$300,2)) | S8: =IF(J8="","",INDEX('CBTA'!$I$2:$I$300,2)/100) | W8: =IF(J8="","",J8&" "&K8)
B9: =IF(INDEX('Dao tao bat buoc'!$A$2:$A$300,3)="","",INDEX('Dao tao bat buoc'!$A$2:$A$300,3)) | D9: =IF(INDEX('Dao tao bat buoc'!$B$2:$B$300,3)="","",INDEX('Dao tao bat buoc'!$B$2:$B$300,3)) | E9: =IF(INDEX('Dao tao bat buoc'!$C$2:$C$300,3)="","",INDEX('Dao tao bat buoc'!$C$2:$C$300,3)) | F9: =IF(INDEX('Dao tao bat buoc'!$D$2:$D$300,3)="","",INDEX('Dao tao bat buoc'!$D$2:$D$300,3)) | G9: =IF(D9="","",E9/D9) | J9: =IF(INDEX('CBTA'!$A$2:$A$300,3)="","",INDEX('CBTA'!$A$2:$A$300,3)) | K9: =IF(INDEX('CBTA'!$B$2:$B$300,3)="","",INDEX('CBTA'!$B$2:$B$300,3)) | L9: =IF(INDEX('CBTA'!$C$2:$C$300,3)="","",INDEX('CBTA'!$C$2:$C$300,3)) | M9: =IF(INDEX('CBTA'!$F$2:$F$300,3)="","",INDEX('CBTA'!$F$2:$F$300,3)) | N9: =IF(INDEX('CBTA'!$D$2:$D$300,3)="","",INDEX('CBTA'!$D$2:$D$300,3)) | O9: =IF(INDEX('CBTA'!$E$2:$E$300,3)="","",INDEX('CBTA'!$E$2:$E$300,3)) | P9: =IF(L9="","",M9/L9) | Q9: =IF(J9="","",INDEX('CBTA'!$G$2:$G$300,3)/100) | R9: =IF(INDEX('CBTA'!$H$2:$H$300,3)="","",INDEX('CBTA'!$H$2:$H$300,3)) | S9: =IF(J9="","",INDEX('CBTA'!$I$2:$I$300,3)/100) | W9: =IF(J9="","",J9&" "&K9)
B10: =IF(INDEX('Dao tao bat buoc'!$A$2:$A$300,4)="","",INDEX('Dao tao bat buoc'!$A$2:$A$300,4)) | D10: =IF(INDEX('Dao tao bat buoc'!$B$2:$B$300,4)="","",INDEX('Dao tao bat buoc'!$B$2:$B$300,4)) | E10: =IF(INDEX('Dao tao bat buoc'!$C$2:$C$300,4)="","",INDEX('Dao tao bat buoc'!$C$2:$C$300,4)) | F10: =IF(INDEX('Dao tao bat buoc'!$D$2:$D$300,4)="","",INDEX('Dao tao bat buoc'!$D$2:$D$300,4)) | G10: =IF(D10="","",E10/D10) | J10: =IF(INDEX('CBTA'!$A$2:$A$300,4)="","",INDEX('CBTA'!$A$2:$A$300,4)) | K10: =IF(INDEX('CBTA'!$B$2:$B$300,4)="","",INDEX('CBTA'!$B$2:$B$300,4)) | L10: =IF(INDEX('CBTA'!$C$2:$C$300,4)="","",INDEX('CBTA'!$C$2:$C$300,4)) | M10: =IF(INDEX('CBTA'!$F$2:$F$300,4)="","",INDEX('CBTA'!$F$2:$F$300,4)) | N10: =IF(INDEX('CBTA'!$D$2:$D$300,4)="","",INDEX('CBTA'!$D$2:$D$300,4)) | O10: =IF(INDEX('CBTA'!$E$2:$E$300,4)="","",INDEX('CBTA'!$E$2:$E$300,4)) | P10: =IF(L10="","",M10/L10) | Q10: =IF(J10="","",INDEX('CBTA'!$G$2:$G$300,4)/100) | R10: =IF(INDEX('CBTA'!$H$2:$H$300,4)="","",INDEX('CBTA'!$H$2:$H$300,4)) | S10: =IF(J10="","",INDEX('CBTA'!$I$2:$I$300,4)/100) | W10: =IF(J10="","",J10&" "&K10)
B11: =IF(INDEX('Dao tao bat buoc'!$A$2:$A$300,5)="","",INDEX('Dao tao bat buoc'!$A$2:$A$300,5)) | D11: =IF(INDEX('Dao tao bat buoc'!$B$2:$B$300,5)="","",INDEX('Dao tao bat buoc'!$B$2:$B$300,5)) | E11: =IF(INDEX('Dao tao bat buoc'!$C$2:$C$300,5)="","",INDEX('Dao tao bat buoc'!$C$2:$C$300,5)) | F11: =IF(INDEX('Dao tao bat buoc'!$D$2:$D$300,5)="","",INDEX('Dao tao bat buoc'!$D$2:$D$300,5)) | G11: =IF(D11="","",E11/D11) | J11: =IF(INDEX('CBTA'!$A$2:$A$300,5)="","",INDEX('CBTA'!$A$2:$A$300,5)) | K11: =IF(INDEX('CBTA'!$B$2:$B$300,5)="","",INDEX('CBTA'!$B$2:$B$300,5)) | L11: =IF(INDEX('CBTA'!$C$2:$C$300,5)="","",INDEX('CBTA'!$C$2:$C$300,5)) | M11: =IF(INDEX('CBTA'!$F$2:$F$300,5)="","",INDEX('CBTA'!$F$2:$F$300,5)) | N11: =IF(INDEX('CBTA'!$D$2:$D$300,5)="","",INDEX('CBTA'!$D$2:$D$300,5)) | O11: =IF(INDEX('CBTA'!$E$2:$E$300,5)="","",INDEX('CBTA'!$E$2:$E$300,5)) | P11: =IF(L11="","",M11/L11) | Q11: =IF(J11="","",INDEX('CBTA'!$G$2:$G$300,5)/100) | R11: =IF(INDEX('CBTA'!$H$2:$H$300,5)="","",INDEX('CBTA'!$H$2:$H$300,5)) | S11: =IF(J11="","",INDEX('CBTA'!$I$2:$I$300,5)/100) | W11: =IF(J11="","",J11&" "&K11)
B12: =IF(INDEX('Dao tao bat buoc'!$A$2:$A$300,6)="","",INDEX('Dao tao bat buoc'!$A$2:$A$300,6)) | D12: =IF(INDEX('Dao tao bat buoc'!$B$2:$B$300,6)="","",INDEX('Dao tao bat buoc'!$B$2:$B$300,6)) | E12: =IF(INDEX('Dao tao bat buoc'!$C$2:$C$300,6)="","",INDEX('Dao tao bat buoc'!$C$2:$C$300,6)) | F12: =IF(INDEX('Dao tao bat buoc'!$D$2:$D$300,6)="","",INDEX('Dao tao bat buoc'!$D$2:$D$300,6)) | G12: =IF(D12="","",E12/D12) | J12: =IF(INDEX('CBTA'!$A$2:$A$300,6)="","",INDEX('CBTA'!$A$2:$A$300,6)) | K12: =IF(INDEX('CBTA'!$B$2:$B$300,6)="","",INDEX('CBTA'!$B$2:$B$300,6)) | L12: =IF(INDEX('CBTA'!$C$2:$C$300,6)="","",INDEX('CBTA'!$C$2:$C$300,6)) | M12: =IF(INDEX('CBTA'!$F$2:$F$300,6)="","",INDEX('CBTA'!$F$2:$F$300,6)) | N12: =IF(INDEX('CBTA'!$D$2:$D$300,6)="","",INDEX('CBTA'!$D$2:$D$300,6)) | O12: =IF(INDEX('CBTA'!$E$2:$E$300,6)="","",INDEX('CBTA'!$E$2:$E$300,6)) | P12: =IF(L12="","",M12/L12) | Q12: =IF(J12="","",INDEX('CBTA'!$G$2:$G$300,6)/100) | R12: =IF(INDEX('CBTA'!$H$2:$H$300,6)="","",INDEX('CBTA'!$H$2:$H$300,6)) | S12: =IF(J12="","",INDEX('CBTA'!$I$2:$I$300,6)/100) | W12: =IF(J12="","",J12&" "&K12)
B13: =IF(INDEX('Dao tao bat buoc'!$A$2:$A$300,7)="","",INDEX('Dao tao bat buoc'!$A$2:$A$300,7)) | D13: =IF(INDEX('Dao tao bat buoc'!$B$2:$B$300,7)="","",INDEX('Dao tao bat buoc'!$B$2:$B$300,7)) | E13: =IF(INDEX('Dao tao bat buoc'!$C$2:$C$300,7)="","",INDEX('Dao tao bat buoc'!$C$2:$C$300,7)) | F13: =IF(INDEX('Dao tao bat buoc'!$D$2:$D$300,7)="","",INDEX('Dao tao bat buoc'!$D$2:$D$300,7)) | G13: =IF(D13="","",E13/D13) | J13: =IF(INDEX('CBTA'!$A$2:$A$300,7)="","",INDEX('CBTA'!$A$2:$A$300,7)) | K13: =IF(INDEX('CBTA'!$B$2:$B$300,7)="","",INDEX('CBTA'!$B$2:$B$300,7)) | L13: =IF(INDEX('CBTA'!$C$2:$C$300,7)="","",INDEX('CBTA'!$C$2:$C$300,7)) | M13: =IF(INDEX('CBTA'!$F$2:$F$300,7)="","",INDEX('CBTA'!$F$2:$F$300,7)) | N13: =IF(INDEX('CBTA'!$D$2:$D$300,7)="","",INDEX('CBTA'!$D$2:$D$300,7)) | O13: =IF(INDEX('CBTA'!$E$2:$E$300,7)="","",INDEX('CBTA'!$E$2:$E$300,7)) | P13: =IF(L13="","",M13/L13) | Q13: =IF(J13="","",INDEX('CBTA'!$G$2:$G$300,7)/100) | R13: =IF(INDEX('CBTA'!$H$2:$H$300,7)="","",INDEX('CBTA'!$H$2:$H$300,7)) | S13: =IF(J13="","",INDEX('CBTA'!$I$2:$I$300,7)/100) | W13: =IF(J13="","",J13&" "&K13)
B14: =IF(INDEX('Dao tao bat buoc'!$A$2:$A$300,8)="","",INDEX('Dao tao bat buoc'!$A$2:$A$300,8)) | D14: =IF(INDEX('Dao tao bat buoc'!$B$2:$B$300,8)="","",INDEX('Dao tao bat buoc'!$B$2:$B$300,8)) | E14: =IF(INDEX('Dao tao bat buoc'!$C$2:$C$300,8)="","",INDEX('Dao tao bat buoc'!$C$2:$C$300,8)) | F14: =IF(INDEX('Dao tao bat buoc'!$D$2:$D$300,8)="","",INDEX('Dao tao bat buoc'!$D$2:$D$300,8)) | G14: =IF(D14="","",E14/D14) | J14: =IF(INDEX('CBTA'!$A$2:$A$300,8)="","",INDEX('CBTA'!$A$2:$A$300,8)) | K14: =IF(INDEX('CBTA'!$B$2:$B$300,8)="","",INDEX('CBTA'!$B$2:$B$300,8)) | L14: =IF(INDEX('CBTA'!$C$2:$C$300,8)="","",INDEX('CBTA'!$C$2:$C$300,8)) | M14: =IF(INDEX('CBTA'!$F$2:$F$300,8)="","",INDEX('CBTA'!$F$2:$F$300,8)) | N14: =IF(INDEX('CBTA'!$D$2:$D$300,8)="","",INDEX('CBTA'!$D$2:$D$300,8)) | O14: =IF(INDEX('CBTA'!$E$2:$E$300,8)="","",INDEX('CBTA'!$E$2:$E$300,8)) | P14: =IF(L14="","",M14/L14) | Q14: =IF(J14="","",INDEX('CBTA'!$G$2:$G$300,8)/100) | R14: =IF(INDEX('CBTA'!$H$2:$H$300,8)="","",INDEX('CBTA'!$H$2:$H$300,8)) | S14: =IF(J14="","",INDEX('CBTA'!$I$2:$I$300,8)/100) | W14: =IF(J14="","",J14&" "&K14)
B15: =IF(INDEX('Dao tao bat buoc'!$A$2:$A$300,9)="","",INDEX('Dao tao bat buoc'!$A$2:$A$300,9)) | D15: =IF(INDEX('Dao tao bat buoc'!$B$2:$B$300,9)="","",INDEX('Dao tao bat buoc'!$B$2:$B$300,9)) | E15: =IF(INDEX('Dao tao bat buoc'!$C$2:$C$300,9)="","",INDEX('Dao tao bat buoc'!$C$2:$C$300,9)) | F15: =IF(INDEX('Dao tao bat buoc'!$D$2:$D$300,9)="","",INDEX('Dao tao bat buoc'!$D$2:$D$300,9)) | G15: =IF(D15="","",E15/D15) | J15: =IF(INDEX('CBTA'!$A$2:$A$300,9)="","",INDEX('CBTA'!$A$2:$A$300,9)) | K15: =IF(INDEX('CBTA'!$B$2:$B$300,9)="","",INDEX('CBTA'!$B$2:$B$300,9)) | L15: =IF(INDEX('CBTA'!$C$2:$C$300,9)="","",INDEX('CBTA'!$C$2:$C$300,9)) | M15: =IF(INDEX('CBTA'!$F$2:$F$300,9)="","",INDEX('CBTA'!$F$2:$F$300,9)) | N15: =IF(INDEX('CBTA'!$D$2:$D$300,9)="","",INDEX('CBTA'!$D$2:$D$300,9)) | O15: =IF(INDEX('CBTA'!$E$2:$E$300,9)="","",INDEX('CBTA'!$E$2:$E$300,9)) | P15: =IF(L15="","",M15/L15) | Q15: =IF(J15="","",INDEX('CBTA'!$G$2:$G$300,9)/100) | R15: =IF(INDEX('CBTA'!$H$2:$H$300,9)="","",INDEX('CBTA'!$H$2:$H$300,9)) | S15: =IF(J15="","",INDEX('CBTA'!$I$2:$I$300,9)/100) | W15: =IF(J15="","",J15&" "&K15)
B16: =IF(INDEX('Dao tao bat buoc'!$A$2:$A$300,10)="","",INDEX('Dao tao bat buoc'!$A$2:$A$300,10)) | D16: =IF(INDEX('Dao tao bat buoc'!$B$2:$B$300,10)="","",INDEX('Dao tao bat buoc'!$B$2:$B$300,10)) | E16: =IF(INDEX('Dao tao bat buoc'!$C$2:$C$300,10)="","",INDEX('Dao tao bat buoc'!$C$2:$C$300,10)) | F16: =IF(INDEX('Dao tao bat buoc'!$D$2:$D$300,10)="","",INDEX('Dao tao bat buoc'!$D$2:$D$300,10)) | G16: =IF(D16="","",E16/D16) | J16: =IF(INDEX('CBTA'!$A$2:$A$300,10)="","",INDEX('CBTA'!$A$2:$A$300,10)) | K16: =IF(INDEX('CBTA'!$B$2:$B$300,10)="","",INDEX('CBTA'!$B$2:$B$300,10)) | L16: =IF(INDEX('CBTA'!$C$2:$C$300,10)="","",INDEX('CBTA'!$C$2:$C$300,10)) | M16: =IF(INDEX('CBTA'!$F$2:$F$300,10)="","",INDEX('CBTA'!$F$2:$F$300,10)) | N16: =IF(INDEX('CBTA'!$D$2:$D$300,10)="","",INDEX('CBTA'!$D$2:$D$300,10)) | O16: =IF(INDEX('CBTA'!$E$2:$E$300,10)="","",INDEX('CBTA'!$E$2:$E$300,10)) | P16: =IF(L16="","",M16/L16) | Q16: =IF(J16="","",INDEX('CBTA'!$G$2:$G$300,10)/100) | R16: =IF(INDEX('CBTA'!$H$2:$H$300,10)="","",INDEX('CBTA'!$H$2:$H$300,10)) | S16: =IF(J16="","",INDEX('CBTA'!$I$2:$I$300,10)/100) | W16: =IF(J16="","",J16&" "&K16)
B17: Total | D17: =SUM(D7:D16) | E17: =SUM(E7:E16) | F17: =SUM(F7:F16) | G17: =IF(D17=0,"",E17/D17)
J20: Vendor training schedule
J21: Period = month (YYYY-MM) or year.
J22: Period | L22: Course
J23: =IF(INDEX('Dao tao vendor'!$B$2:$B$300,1)="","",INDEX('Dao tao vendor'!$B$2:$B$300,1)) | L23: =IF(INDEX('Dao tao vendor'!$A$2:$A$300,1)="","",INDEX('Dao tao vendor'!$A$2:$A$300,1))
J24: =IF(INDEX('Dao tao vendor'!$B$2:$B$300,2)="","",INDEX('Dao tao vendor'!$B$2:$B$300,2)) | L24: =IF(INDEX('Dao tao vendor'!$A$2:$A$300,2)="","",INDEX('Dao tao vendor'!$A$2:$A$300,2))
J25: =IF(INDEX('Dao tao vendor'!$B$2:$B$300,3)="","",INDEX('Dao tao vendor'!$B$2:$B$300,3)) | L25: =IF(INDEX('Dao tao vendor'!$A$2:$A$300,3)="","",INDEX('Dao tao vendor'!$A$2:$A$300,3))
J26: =IF(INDEX('Dao tao vendor'!$B$2:$B$300,4)="","",INDEX('Dao tao vendor'!$B$2:$B$300,4)) | L26: =IF(INDEX('Dao tao vendor'!$A$2:$A$300,4)="","",INDEX('Dao tao vendor'!$A$2:$A$300,4))
J27: =IF(INDEX('Dao tao vendor'!$B$2:$B$300,5)="","",INDEX('Dao tao vendor'!$B$2:$B$300,5)) | L27: =IF(INDEX('Dao tao vendor'!$A$2:$A$300,5)="","",INDEX('Dao tao vendor'!$A$2:$A$300,5))
J28: =IF(INDEX('Dao tao vendor'!$B$2:$B$300,6)="","",INDEX('Dao tao vendor'!$B$2:$B$300,6)) | L28: =IF(INDEX('Dao tao vendor'!$A$2:$A$300,6)="","",INDEX('Dao tao vendor'!$A$2:$A$300,6))
J29: =IF(INDEX('Dao tao vendor'!$B$2:$B$300,7)="","",INDEX('Dao tao vendor'!$B$2:$B$300,7)) | L29: =IF(INDEX('Dao tao vendor'!$A$2:$A$300,7)="","",INDEX('Dao tao vendor'!$A$2:$A$300,7))
J30: =IF(INDEX('Dao tao vendor'!$B$2:$B$300,8)="","",INDEX('Dao tao vendor'!$B$2:$B$300,8)) | L30: =IF(INDEX('Dao tao vendor'!$A$2:$A$300,8)="","",INDEX('Dao tao vendor'!$A$2:$A$300,8))
J31: =IF(INDEX('Dao tao vendor'!$B$2:$B$300,9)="","",INDEX('Dao tao vendor'!$B$2:$B$300,9)) | L31: =IF(INDEX('Dao tao vendor'!$A$2:$A$300,9)="","",INDEX('Dao tao vendor'!$A$2:$A$300,9))
J32: =IF(INDEX('Dao tao vendor'!$B$2:$B$300,10)="","",INDEX('Dao tao vendor'!$B$2:$B$300,10)) | L32: =IF(INDEX('Dao tao vendor'!$A$2:$A$300,10)="","",INDEX('Dao tao vendor'!$A$2:$A$300,10))
J33: =IF(INDEX('Dao tao vendor'!$B$2:$B$300,11)="","",INDEX('Dao tao vendor'!$B$2:$B$300,11)) | L33: =IF(INDEX('Dao tao vendor'!$A$2:$A$300,11)="","",INDEX('Dao tao vendor'!$A$2:$A$300,11))
J34: =IF(INDEX('Dao tao vendor'!$B$2:$B$300,12)="","",INDEX('Dao tao vendor'!$B$2:$B$300,12)) | L34: =IF(INDEX('Dao tao vendor'!$A$2:$A$300,12)="","",INDEX('Dao tao vendor'!$A$2:$A$300,12))
J35: =IF(INDEX('Dao tao vendor'!$B$2:$B$300,13)="","",INDEX('Dao tao vendor'!$B$2:$B$300,13)) | L35: =IF(INDEX('Dao tao vendor'!$A$2:$A$300,13)="","",INDEX('Dao tao vendor'!$A$2:$A$300,13))
J36: =IF(INDEX('Dao tao vendor'!$B$2:$B$300,14)="","",INDEX('Dao tao vendor'!$B$2:$B$300,14)) | L36: =IF(INDEX('Dao tao vendor'!$A$2:$A$300,14)="","",INDEX('Dao tao vendor'!$A$2:$A$300,14))
J37: =IF(INDEX('Dao tao vendor'!$B$2:$B$300,15)="","",INDEX('Dao tao vendor'!$B$2:$B$300,15)) | L37: =IF(INDEX('Dao tao vendor'!$A$2:$A$300,15)="","",INDEX('Dao tao vendor'!$A$2:$A$300,15))
J38: =IF(INDEX('Dao tao vendor'!$B$2:$B$300,16)="","",INDEX('Dao tao vendor'!$B$2:$B$300,16)) | L38: =IF(INDEX('Dao tao vendor'!$A$2:$A$300,16)="","",INDEX('Dao tao vendor'!$A$2:$A$300,16))
J39: =IF(INDEX('Dao tao vendor'!$B$2:$B$300,17)="","",INDEX('Dao tao vendor'!$B$2:$B$300,17)) | L39: =IF(INDEX('Dao tao vendor'!$A$2:$A$300,17)="","",INDEX('Dao tao vendor'!$A$2:$A$300,17))
J40: =IF(INDEX('Dao tao vendor'!$B$2:$B$300,18)="","",INDEX('Dao tao vendor'!$B$2:$B$300,18)) | L40: =IF(INDEX('Dao tao vendor'!$A$2:$A$300,18)="","",INDEX('Dao tao vendor'!$A$2:$A$300,18))
J41: =IF(INDEX('Dao tao vendor'!$B$2:$B$300,19)="","",INDEX('Dao tao vendor'!$B$2:$B$300,19)) | L41: =IF(INDEX('Dao tao vendor'!$A$2:$A$300,19)="","",INDEX('Dao tao vendor'!$A$2:$A$300,19))
J42: =IF(INDEX('Dao tao vendor'!$B$2:$B$300,20)="","",INDEX('Dao tao vendor'!$B$2:$B$300,20)) | L42: =IF(INDEX('Dao tao vendor'!$A$2:$A$300,20)="","",INDEX('Dao tao vendor'!$A$2:$A$300,20))
J43: =IF(INDEX('Dao tao vendor'!$B$2:$B$300,21)="","",INDEX('Dao tao vendor'!$B$2:$B$300,21)) | L43: =IF(INDEX('Dao tao vendor'!$A$2:$A$300,21)="","",INDEX('Dao tao vendor'!$A$2:$A$300,21))
J44: =IF(INDEX('Dao tao vendor'!$B$2:$B$300,22)="","",INDEX('Dao tao vendor'!$B$2:$B$300,22)) | L44: =IF(INDEX('Dao tao vendor'!$A$2:$A$300,22)="","",INDEX('Dao tao vendor'!$A$2:$A$300,22))
J45: =IF(INDEX('Dao tao vendor'!$B$2:$B$300,23)="","",INDEX('Dao tao vendor'!$B$2:$B$300,23)) | L45: =IF(INDEX('Dao tao vendor'!$A$2:$A$300,23)="","",INDEX('Dao tao vendor'!$A$2:$A$300,23))
J46: =IF(INDEX('Dao tao vendor'!$B$2:$B$300,24)="","",INDEX('Dao tao vendor'!$B$2:$B$300,24)) | L46: =IF(INDEX('Dao tao vendor'!$A$2:$A$300,24)="","",INDEX('Dao tao vendor'!$A$2:$A$300,24))
J47: =IF(INDEX('Dao tao vendor'!$B$2:$B$300,25)="","",INDEX('Dao tao vendor'!$B$2:$B$300,25)) | L47: =IF(INDEX('Dao tao vendor'!$A$2:$A$300,25)="","",INDEX('Dao tao vendor'!$A$2:$A$300,25))
J48: =IF(INDEX('Dao tao vendor'!$B$2:$B$300,26)="","",INDEX('Dao tao vendor'!$B$2:$B$300,26)) | L48: =IF(INDEX('Dao tao vendor'!$A$2:$A$300,26)="","",INDEX('Dao tao vendor'!$A$2:$A$300,26))
J49: =IF(INDEX('Dao tao vendor'!$B$2:$B$300,27)="","",INDEX('Dao tao vendor'!$B$2:$B$300,27)) | L49: =IF(INDEX('Dao tao vendor'!$A$2:$A$300,27)="","",INDEX('Dao tao vendor'!$A$2:$A$300,27))
J50: =IF(INDEX('Dao tao vendor'!$B$2:$B$300,28)="","",INDEX('Dao tao vendor'!$B$2:$B$300,28)) | L50: =IF(INDEX('Dao tao vendor'!$A$2:$A$300,28)="","",INDEX('Dao tao vendor'!$A$2:$A$300,28))
J51: =IF(INDEX('Dao tao vendor'!$B$2:$B$300,29)="","",INDEX('Dao tao vendor'!$B$2:$B$300,29)) | L51: =IF(INDEX('Dao tao vendor'!$A$2:$A$300,29)="","",INDEX('Dao tao vendor'!$A$2:$A$300,29))
J52: =IF(INDEX('Dao tao vendor'!$B$2:$B$300,30)="","",INDEX('Dao tao vendor'!$B$2:$B$300,30)) | L52: =IF(INDEX('Dao tao vendor'!$A$2:$A$300,30)="","",INDEX('Dao tao vendor'!$A$2:$A$300,30))

Sheet ORR
B1: ="OPS readiness – report "&TEXT(DATEVALUE('Thong tin'!$A$2),"d mmm yyyy")
B2: ORR checklist: group totals, progress by OPS team and by checklist element.
B4: ="Whole checklist · "&INDEX('ORR tong nhom'!$B$2:$B$300,MATCH("TOTAL",'ORR tong nhom'!$A$2:$A$300,0))&" items" | F4: ="People · "&INDEX('ORR tong nhom'!$B$2:$B$300,MATCH("PEOPLE",'ORR tong nhom'!$A$2:$A$300,0))&" items" | J4: ="Plant · "&INDEX('ORR tong nhom'!$B$2:$B$300,MATCH("PLANT",'ORR tong nhom'!$A$2:$A$300,0))&" items" | N4: ="Process · "&INDEX('ORR tong nhom'!$B$2:$B$300,MATCH("PROCESS",'ORR tong nhom'!$A$2:$A$300,0))&" items"
B5: =INDEX('ORR tong nhom'!$C$2:$C$300,MATCH("TOTAL",'ORR tong nhom'!$A$2:$A$300,0))/100 | F5: =INDEX('ORR tong nhom'!$C$2:$C$300,MATCH("PEOPLE",'ORR tong nhom'!$A$2:$A$300,0))/100 | J5: =INDEX('ORR tong nhom'!$C$2:$C$300,MATCH("PLANT",'ORR tong nhom'!$A$2:$A$300,0))/100 | N5: =INDEX('ORR tong nhom'!$C$2:$C$300,MATCH("PROCESS",'ORR tong nhom'!$A$2:$A$300,0))/100
B8: ="Progress by OPS team · "&TEXT(DATEVALUE(LOOKUP(2,1/('ORR theo thang'!$C$2:$C$300<>""),'ORR theo thang'!$A$2:$A$300)&"-01"),"mmm yyyy")
B9: Gap = actual – plan, in percentage points. Red when behind plan.
B10: Team | D10: Weight | E10: Activities | F10: Completed | G10: Plan % | H10: Actual % | I10: Gap (pts) | J10: Final plan %
B11: =IF(INDEX('ORR theo team'!$A$2:$A$300,1)="","",INDEX('ORR theo team'!$A$2:$A$300,1)) | D11: =IF(B11="","",INDEX('ORR theo team'!$B$2:$B$300,1)/100) | E11: =IF(INDEX('ORR theo team'!$C$2:$C$300,1)="","",INDEX('ORR theo team'!$C$2:$C$300,1)) | F11: =IF(INDEX('ORR theo team'!$D$2:$D$300,1)="","",INDEX('ORR theo team'!$D$2:$D$300,1)) | G11: =IF(B11="","",INDEX('ORR theo team'!$E$2:$E$300,1)/100) | H11: =IF(B11="","",INDEX('ORR theo team'!$F$2:$F$300,1)/100) | I11: =IF(B11="","",(H11-G11)*100) | J11: =IF(B11="","",INDEX('ORR theo team'!$G$2:$G$300,1)/100)
B12: =IF(INDEX('ORR theo team'!$A$2:$A$300,2)="","",INDEX('ORR theo team'!$A$2:$A$300,2)) | D12: =IF(B12="","",INDEX('ORR theo team'!$B$2:$B$300,2)/100) | E12: =IF(INDEX('ORR theo team'!$C$2:$C$300,2)="","",INDEX('ORR theo team'!$C$2:$C$300,2)) | F12: =IF(INDEX('ORR theo team'!$D$2:$D$300,2)="","",INDEX('ORR theo team'!$D$2:$D$300,2)) | G12: =IF(B12="","",INDEX('ORR theo team'!$E$2:$E$300,2)/100) | H12: =IF(B12="","",INDEX('ORR theo team'!$F$2:$F$300,2)/100) | I12: =IF(B12="","",(H12-G12)*100) | J12: =IF(B12="","",INDEX('ORR theo team'!$G$2:$G$300,2)/100)
B13: =IF(INDEX('ORR theo team'!$A$2:$A$300,3)="","",INDEX('ORR theo team'!$A$2:$A$300,3)) | D13: =IF(B13="","",INDEX('ORR theo team'!$B$2:$B$300,3)/100) | E13: =IF(INDEX('ORR theo team'!$C$2:$C$300,3)="","",INDEX('ORR theo team'!$C$2:$C$300,3)) | F13: =IF(INDEX('ORR theo team'!$D$2:$D$300,3)="","",INDEX('ORR theo team'!$D$2:$D$300,3)) | G13: =IF(B13="","",INDEX('ORR theo team'!$E$2:$E$300,3)/100) | H13: =IF(B13="","",INDEX('ORR theo team'!$F$2:$F$300,3)/100) | I13: =IF(B13="","",(H13-G13)*100) | J13: =IF(B13="","",INDEX('ORR theo team'!$G$2:$G$300,3)/100)
B14: =IF(INDEX('ORR theo team'!$A$2:$A$300,4)="","",INDEX('ORR theo team'!$A$2:$A$300,4)) | D14: =IF(B14="","",INDEX('ORR theo team'!$B$2:$B$300,4)/100) | E14: =IF(INDEX('ORR theo team'!$C$2:$C$300,4)="","",INDEX('ORR theo team'!$C$2:$C$300,4)) | F14: =IF(INDEX('ORR theo team'!$D$2:$D$300,4)="","",INDEX('ORR theo team'!$D$2:$D$300,4)) | G14: =IF(B14="","",INDEX('ORR theo team'!$E$2:$E$300,4)/100) | H14: =IF(B14="","",INDEX('ORR theo team'!$F$2:$F$300,4)/100) | I14: =IF(B14="","",(H14-G14)*100) | J14: =IF(B14="","",INDEX('ORR theo team'!$G$2:$G$300,4)/100)
B15: =IF(INDEX('ORR theo team'!$A$2:$A$300,5)="","",INDEX('ORR theo team'!$A$2:$A$300,5)) | D15: =IF(B15="","",INDEX('ORR theo team'!$B$2:$B$300,5)/100) | E15: =IF(INDEX('ORR theo team'!$C$2:$C$300,5)="","",INDEX('ORR theo team'!$C$2:$C$300,5)) | F15: =IF(INDEX('ORR theo team'!$D$2:$D$300,5)="","",INDEX('ORR theo team'!$D$2:$D$300,5)) | G15: =IF(B15="","",INDEX('ORR theo team'!$E$2:$E$300,5)/100) | H15: =IF(B15="","",INDEX('ORR theo team'!$F$2:$F$300,5)/100) | I15: =IF(B15="","",(H15-G15)*100) | J15: =IF(B15="","",INDEX('ORR theo team'!$G$2:$G$300,5)/100)
B16: =IF(INDEX('ORR theo team'!$A$2:$A$300,6)="","",INDEX('ORR theo team'!$A$2:$A$300,6)) | D16: =IF(B16="","",INDEX('ORR theo team'!$B$2:$B$300,6)/100) | E16: =IF(INDEX('ORR theo team'!$C$2:$C$300,6)="","",INDEX('ORR theo team'!$C$2:$C$300,6)) | F16: =IF(INDEX('ORR theo team'!$D$2:$D$300,6)="","",INDEX('ORR theo team'!$D$2:$D$300,6)) | G16: =IF(B16="","",INDEX('ORR theo team'!$E$2:$E$300,6)/100) | H16: =IF(B16="","",INDEX('ORR theo team'!$F$2:$F$300,6)/100) | I16: =IF(B16="","",(H16-G16)*100) | J16: =IF(B16="","",INDEX('ORR theo team'!$G$2:$G$300,6)/100)
B17: =IF(INDEX('ORR theo team'!$A$2:$A$300,7)="","",INDEX('ORR theo team'!$A$2:$A$300,7)) | D17: =IF(B17="","",INDEX('ORR theo team'!$B$2:$B$300,7)/100) | E17: =IF(INDEX('ORR theo team'!$C$2:$C$300,7)="","",INDEX('ORR theo team'!$C$2:$C$300,7)) | F17: =IF(INDEX('ORR theo team'!$D$2:$D$300,7)="","",INDEX('ORR theo team'!$D$2:$D$300,7)) | G17: =IF(B17="","",INDEX('ORR theo team'!$E$2:$E$300,7)/100) | H17: =IF(B17="","",INDEX('ORR theo team'!$F$2:$F$300,7)/100) | I17: =IF(B17="","",(H17-G17)*100) | J17: =IF(B17="","",INDEX('ORR theo team'!$G$2:$G$300,7)/100)
B18: =IF(INDEX('ORR theo team'!$A$2:$A$300,8)="","",INDEX('ORR theo team'!$A$2:$A$300,8)) | D18: =IF(B18="","",INDEX('ORR theo team'!$B$2:$B$300,8)/100) | E18: =IF(INDEX('ORR theo team'!$C$2:$C$300,8)="","",INDEX('ORR theo team'!$C$2:$C$300,8)) | F18: =IF(INDEX('ORR theo team'!$D$2:$D$300,8)="","",INDEX('ORR theo team'!$D$2:$D$300,8)) | G18: =IF(B18="","",INDEX('ORR theo team'!$E$2:$E$300,8)/100) | H18: =IF(B18="","",INDEX('ORR theo team'!$F$2:$F$300,8)/100) | I18: =IF(B18="","",(H18-G18)*100) | J18: =IF(B18="","",INDEX('ORR theo team'!$G$2:$G$300,8)/100)
B19: =IF(INDEX('ORR theo team'!$A$2:$A$300,9)="","",INDEX('ORR theo team'!$A$2:$A$300,9)) | D19: =IF(B19="","",INDEX('ORR theo team'!$B$2:$B$300,9)/100) | E19: =IF(INDEX('ORR theo team'!$C$2:$C$300,9)="","",INDEX('ORR theo team'!$C$2:$C$300,9)) | F19: =IF(INDEX('ORR theo team'!$D$2:$D$300,9)="","",INDEX('ORR theo team'!$D$2:$D$300,9)) | G19: =IF(B19="","",INDEX('ORR theo team'!$E$2:$E$300,9)/100) | H19: =IF(B19="","",INDEX('ORR theo team'!$F$2:$F$300,9)/100) | I19: =IF(B19="","",(H19-G19)*100) | J19: =IF(B19="","",INDEX('ORR theo team'!$G$2:$G$300,9)/100)
B20: =IF(INDEX('ORR theo team'!$A$2:$A$300,10)="","",INDEX('ORR theo team'!$A$2:$A$300,10)) | D20: =IF(B20="","",INDEX('ORR theo team'!$B$2:$B$300,10)/100) | E20: =IF(INDEX('ORR theo team'!$C$2:$C$300,10)="","",INDEX('ORR theo team'!$C$2:$C$300,10)) | F20: =IF(INDEX('ORR theo team'!$D$2:$D$300,10)="","",INDEX('ORR theo team'!$D$2:$D$300,10)) | G20: =IF(B20="","",INDEX('ORR theo team'!$E$2:$E$300,10)/100) | H20: =IF(B20="","",INDEX('ORR theo team'!$F$2:$F$300,10)/100) | I20: =IF(B20="","",(H20-G20)*100) | J20: =IF(B20="","",INDEX('ORR theo team'!$G$2:$G$300,10)/100)
B21: =IF(INDEX('ORR theo team'!$A$2:$A$300,11)="","",INDEX('ORR theo team'!$A$2:$A$300,11)) | D21: =IF(B21="","",INDEX('ORR theo team'!$B$2:$B$300,11)/100) | E21: =IF(INDEX('ORR theo team'!$C$2:$C$300,11)="","",INDEX('ORR theo team'!$C$2:$C$300,11)) | F21: =IF(INDEX('ORR theo team'!$D$2:$D$300,11)="","",INDEX('ORR theo team'!$D$2:$D$300,11)) | G21: =IF(B21="","",INDEX('ORR theo team'!$E$2:$E$300,11)/100) | H21: =IF(B21="","",INDEX('ORR theo team'!$F$2:$F$300,11)/100) | I21: =IF(B21="","",(H21-G21)*100) | J21: =IF(B21="","",INDEX('ORR theo team'!$G$2:$G$300,11)/100)
B22: =IF(INDEX('ORR theo team'!$A$2:$A$300,12)="","",INDEX('ORR theo team'!$A$2:$A$300,12)) | D22: =IF(B22="","",INDEX('ORR theo team'!$B$2:$B$300,12)/100) | E22: =IF(INDEX('ORR theo team'!$C$2:$C$300,12)="","",INDEX('ORR theo team'!$C$2:$C$300,12)) | F22: =IF(INDEX('ORR theo team'!$D$2:$D$300,12)="","",INDEX('ORR theo team'!$D$2:$D$300,12)) | G22: =IF(B22="","",INDEX('ORR theo team'!$E$2:$E$300,12)/100) | H22: =IF(B22="","",INDEX('ORR theo team'!$F$2:$F$300,12)/100) | I22: =IF(B22="","",(H22-G22)*100) | J22: =IF(B22="","",INDEX('ORR theo team'!$G$2:$G$300,12)/100)
B25: Checklist by element (People · Plant · Process)
B26: Elements below 50% are shown in red.
B27: Code | C27: Element | H27: Group | I27: Items | J27: Progress
B28: =IF(INDEX('ORR hang muc'!$B$2:$B$300,1)="","",INDEX('ORR hang muc'!$B$2:$B$300,1)) | C28: =IF(INDEX('ORR hang muc'!$C$2:$C$300,1)="","",INDEX('ORR hang muc'!$C$2:$C$300,1)) | H28: =IF(INDEX('ORR hang muc'!$A$2:$A$300,1)="","",INDEX('ORR hang muc'!$A$2:$A$300,1)) | I28: =IF(INDEX('ORR hang muc'!$D$2:$D$300,1)="","",INDEX('ORR hang muc'!$D$2:$D$300,1)) | J28: =IF(B28="","",INDEX('ORR hang muc'!$E$2:$E$300,1)/100)
B29: =IF(INDEX('ORR hang muc'!$B$2:$B$300,2)="","",INDEX('ORR hang muc'!$B$2:$B$300,2)) | C29: =IF(INDEX('ORR hang muc'!$C$2:$C$300,2)="","",INDEX('ORR hang muc'!$C$2:$C$300,2)) | H29: =IF(INDEX('ORR hang muc'!$A$2:$A$300,2)="","",INDEX('ORR hang muc'!$A$2:$A$300,2)) | I29: =IF(INDEX('ORR hang muc'!$D$2:$D$300,2)="","",INDEX('ORR hang muc'!$D$2:$D$300,2)) | J29: =IF(B29="","",INDEX('ORR hang muc'!$E$2:$E$300,2)/100)
B30: =IF(INDEX('ORR hang muc'!$B$2:$B$300,3)="","",INDEX('ORR hang muc'!$B$2:$B$300,3)) | C30: =IF(INDEX('ORR hang muc'!$C$2:$C$300,3)="","",INDEX('ORR hang muc'!$C$2:$C$300,3)) | H30: =IF(INDEX('ORR hang muc'!$A$2:$A$300,3)="","",INDEX('ORR hang muc'!$A$2:$A$300,3)) | I30: =IF(INDEX('ORR hang muc'!$D$2:$D$300,3)="","",INDEX('ORR hang muc'!$D$2:$D$300,3)) | J30: =IF(B30="","",INDEX('ORR hang muc'!$E$2:$E$300,3)/100)
B31: =IF(INDEX('ORR hang muc'!$B$2:$B$300,4)="","",INDEX('ORR hang muc'!$B$2:$B$300,4)) | C31: =IF(INDEX('ORR hang muc'!$C$2:$C$300,4)="","",INDEX('ORR hang muc'!$C$2:$C$300,4)) | H31: =IF(INDEX('ORR hang muc'!$A$2:$A$300,4)="","",INDEX('ORR hang muc'!$A$2:$A$300,4)) | I31: =IF(INDEX('ORR hang muc'!$D$2:$D$300,4)="","",INDEX('ORR hang muc'!$D$2:$D$300,4)) | J31: =IF(B31="","",INDEX('ORR hang muc'!$E$2:$E$300,4)/100)
B32: =IF(INDEX('ORR hang muc'!$B$2:$B$300,5)="","",INDEX('ORR hang muc'!$B$2:$B$300,5)) | C32: =IF(INDEX('ORR hang muc'!$C$2:$C$300,5)="","",INDEX('ORR hang muc'!$C$2:$C$300,5)) | H32: =IF(INDEX('ORR hang muc'!$A$2:$A$300,5)="","",INDEX('ORR hang muc'!$A$2:$A$300,5)) | I32: =IF(INDEX('ORR hang muc'!$D$2:$D$300,5)="","",INDEX('ORR hang muc'!$D$2:$D$300,5)) | J32: =IF(B32="","",INDEX('ORR hang muc'!$E$2:$E$300,5)/100)
B33: =IF(INDEX('ORR hang muc'!$B$2:$B$300,6)="","",INDEX('ORR hang muc'!$B$2:$B$300,6)) | C33: =IF(INDEX('ORR hang muc'!$C$2:$C$300,6)="","",INDEX('ORR hang muc'!$C$2:$C$300,6)) | H33: =IF(INDEX('ORR hang muc'!$A$2:$A$300,6)="","",INDEX('ORR hang muc'!$A$2:$A$300,6)) | I33: =IF(INDEX('ORR hang muc'!$D$2:$D$300,6)="","",INDEX('ORR hang muc'!$D$2:$D$300,6)) | J33: =IF(B33="","",INDEX('ORR hang muc'!$E$2:$E$300,6)/100)
B34: =IF(INDEX('ORR hang muc'!$B$2:$B$300,7)="","",INDEX('ORR hang muc'!$B$2:$B$300,7)) | C34: =IF(INDEX('ORR hang muc'!$C$2:$C$300,7)="","",INDEX('ORR hang muc'!$C$2:$C$300,7)) | H34: =IF(INDEX('ORR hang muc'!$A$2:$A$300,7)="","",INDEX('ORR hang muc'!$A$2:$A$300,7)) | I34: =IF(INDEX('ORR hang muc'!$D$2:$D$300,7)="","",INDEX('ORR hang muc'!$D$2:$D$300,7)) | J34: =IF(B34="","",INDEX('ORR hang muc'!$E$2:$E$300,7)/100)
B35: =IF(INDEX('ORR hang muc'!$B$2:$B$300,8)="","",INDEX('ORR hang muc'!$B$2:$B$300,8)) | C35: =IF(INDEX('ORR hang muc'!$C$2:$C$300,8)="","",INDEX('ORR hang muc'!$C$2:$C$300,8)) | H35: =IF(INDEX('ORR hang muc'!$A$2:$A$300,8)="","",INDEX('ORR hang muc'!$A$2:$A$300,8)) | I35: =IF(INDEX('ORR hang muc'!$D$2:$D$300,8)="","",INDEX('ORR hang muc'!$D$2:$D$300,8)) | J35: =IF(B35="","",INDEX('ORR hang muc'!$E$2:$E$300,8)/100)
B36: =IF(INDEX('ORR hang muc'!$B$2:$B$300,9)="","",INDEX('ORR hang muc'!$B$2:$B$300,9)) | C36: =IF(INDEX('ORR hang muc'!$C$2:$C$300,9)="","",INDEX('ORR hang muc'!$C$2:$C$300,9)) | H36: =IF(INDEX('ORR hang muc'!$A$2:$A$300,9)="","",INDEX('ORR hang muc'!$A$2:$A$300,9)) | I36: =IF(INDEX('ORR hang muc'!$D$2:$D$300,9)="","",INDEX('ORR hang muc'!$D$2:$D$300,9)) | J36: =IF(B36="","",INDEX('ORR hang muc'!$E$2:$E$300,9)/100)
B37: =IF(INDEX('ORR hang muc'!$B$2:$B$300,10)="","",INDEX('ORR hang muc'!$B$2:$B$300,10)) | C37: =IF(INDEX('ORR hang muc'!$C$2:$C$300,10)="","",INDEX('ORR hang muc'!$C$2:$C$300,10)) | H37: =IF(INDEX('ORR hang muc'!$A$2:$A$300,10)="","",INDEX('ORR hang muc'!$A$2:$A$300,10)) | I37: =IF(INDEX('ORR hang muc'!$D$2:$D$300,10)="","",INDEX('ORR hang muc'!$D$2:$D$300,10)) | J37: =IF(B37="","",INDEX('ORR hang muc'!$E$2:$E$300,10)/100)
B38: =IF(INDEX('ORR hang muc'!$B$2:$B$300,11)="","",INDEX('ORR hang muc'!$B$2:$B$300,11)) | C38: =IF(INDEX('ORR hang muc'!$C$2:$C$300,11)="","",INDEX('ORR hang muc'!$C$2:$C$300,11)) | H38: =IF(INDEX('ORR hang muc'!$A$2:$A$300,11)="","",INDEX('ORR hang muc'!$A$2:$A$300,11)) | I38: =IF(INDEX('ORR hang muc'!$D$2:$D$300,11)="","",INDEX('ORR hang muc'!$D$2:$D$300,11)) | J38: =IF(B38="","",INDEX('ORR hang muc'!$E$2:$E$300,11)/100)
B39: =IF(INDEX('ORR hang muc'!$B$2:$B$300,12)="","",INDEX('ORR hang muc'!$B$2:$B$300,12)) | C39: =IF(INDEX('ORR hang muc'!$C$2:$C$300,12)="","",INDEX('ORR hang muc'!$C$2:$C$300,12)) | H39: =IF(INDEX('ORR hang muc'!$A$2:$A$300,12)="","",INDEX('ORR hang muc'!$A$2:$A$300,12)) | I39: =IF(INDEX('ORR hang muc'!$D$2:$D$300,12)="","",INDEX('ORR hang muc'!$D$2:$D$300,12)) | J39: =IF(B39="","",INDEX('ORR hang muc'!$E$2:$E$300,12)/100)
B40: =IF(INDEX('ORR hang muc'!$B$2:$B$300,13)="","",INDEX('ORR hang muc'!$B$2:$B$300,13)) | C40: =IF(INDEX('ORR hang muc'!$C$2:$C$300,13)="","",INDEX('ORR hang muc'!$C$2:$C$300,13)) | H40: =IF(INDEX('ORR hang muc'!$A$2:$A$300,13)="","",INDEX('ORR hang muc'!$A$2:$A$300,13)) | I40: =IF(INDEX('ORR hang muc'!$D$2:$D$300,13)="","",INDEX('ORR hang muc'!$D$2:$D$300,13)) | J40: =IF(B40="","",INDEX('ORR hang muc'!$E$2:$E$300,13)/100)
B41: =IF(INDEX('ORR hang muc'!$B$2:$B$300,14)="","",INDEX('ORR hang muc'!$B$2:$B$300,14)) | C41: =IF(INDEX('ORR hang muc'!$C$2:$C$300,14)="","",INDEX('ORR hang muc'!$C$2:$C$300,14)) | H41: =IF(INDEX('ORR hang muc'!$A$2:$A$300,14)="","",INDEX('ORR hang muc'!$A$2:$A$300,14)) | I41: =IF(INDEX('ORR hang muc'!$D$2:$D$300,14)="","",INDEX('ORR hang muc'!$D$2:$D$300,14)) | J41: =IF(B41="","",INDEX('ORR hang muc'!$E$2:$E$300,14)/100)
B42: =IF(INDEX('ORR hang muc'!$B$2:$B$300,15)="","",INDEX('ORR hang muc'!$B$2:$B$300,15)) | C42: =IF(INDEX('ORR hang muc'!$C$2:$C$300,15)="","",INDEX('ORR hang muc'!$C$2:$C$300,15)) | H42: =IF(INDEX('ORR hang muc'!$A$2:$A$300,15)="","",INDEX('ORR hang muc'!$A$2:$A$300,15)) | I42: =IF(INDEX('ORR hang muc'!$D$2:$D$300,15)="","",INDEX('ORR hang muc'!$D$2:$D$300,15)) | J42: =IF(B42="","",INDEX('ORR hang muc'!$E$2:$E$300,15)/100)
B43: =IF(INDEX('ORR hang muc'!$B$2:$B$300,16)="","",INDEX('ORR hang muc'!$B$2:$B$300,16)) | C43: =IF(INDEX('ORR hang muc'!$C$2:$C$300,16)="","",INDEX('ORR hang muc'!$C$2:$C$300,16)) | H43: =IF(INDEX('ORR hang muc'!$A$2:$A$300,16)="","",INDEX('ORR hang muc'!$A$2:$A$300,16)) | I43: =IF(INDEX('ORR hang muc'!$D$2:$D$300,16)="","",INDEX('ORR hang muc'!$D$2:$D$300,16)) | J43: =IF(B43="","",INDEX('ORR hang muc'!$E$2:$E$300,16)/100)
B44: =IF(INDEX('ORR hang muc'!$B$2:$B$300,17)="","",INDEX('ORR hang muc'!$B$2:$B$300,17)) | C44: =IF(INDEX('ORR hang muc'!$C$2:$C$300,17)="","",INDEX('ORR hang muc'!$C$2:$C$300,17)) | H44: =IF(INDEX('ORR hang muc'!$A$2:$A$300,17)="","",INDEX('ORR hang muc'!$A$2:$A$300,17)) | I44: =IF(INDEX('ORR hang muc'!$D$2:$D$300,17)="","",INDEX('ORR hang muc'!$D$2:$D$300,17)) | J44: =IF(B44="","",INDEX('ORR hang muc'!$E$2:$E$300,17)/100)
B45: =IF(INDEX('ORR hang muc'!$B$2:$B$300,18)="","",INDEX('ORR hang muc'!$B$2:$B$300,18)) | C45: =IF(INDEX('ORR hang muc'!$C$2:$C$300,18)="","",INDEX('ORR hang muc'!$C$2:$C$300,18)) | H45: =IF(INDEX('ORR hang muc'!$A$2:$A$300,18)="","",INDEX('ORR hang muc'!$A$2:$A$300,18)) | I45: =IF(INDEX('ORR hang muc'!$D$2:$D$300,18)="","",INDEX('ORR hang muc'!$D$2:$D$300,18)) | J45: =IF(B45="","",INDEX('ORR hang muc'!$E$2:$E$300,18)/100)
B46: =IF(INDEX('ORR hang muc'!$B$2:$B$300,19)="","",INDEX('ORR hang muc'!$B$2:$B$300,19)) | C46: =IF(INDEX('ORR hang muc'!$C$2:$C$300,19)="","",INDEX('ORR hang muc'!$C$2:$C$300,19)) | H46: =IF(INDEX('ORR hang muc'!$A$2:$A$300,19)="","",INDEX('ORR hang muc'!$A$2:$A$300,19)) | I46: =IF(INDEX('ORR hang muc'!$D$2:$D$300,19)="","",INDEX('ORR hang muc'!$D$2:$D$300,19)) | J46: =IF(B46="","",INDEX('ORR hang muc'!$E$2:$E$300,19)/100)
B47: =IF(INDEX('ORR hang muc'!$B$2:$B$300,20)="","",INDEX('ORR hang muc'!$B$2:$B$300,20)) | C47: =IF(INDEX('ORR hang muc'!$C$2:$C$300,20)="","",INDEX('ORR hang muc'!$C$2:$C$300,20)) | H47: =IF(INDEX('ORR hang muc'!$A$2:$A$300,20)="","",INDEX('ORR hang muc'!$A$2:$A$300,20)) | I47: =IF(INDEX('ORR hang muc'!$D$2:$D$300,20)="","",INDEX('ORR hang muc'!$D$2:$D$300,20)) | J47: =IF(B47="","",INDEX('ORR hang muc'!$E$2:$E$300,20)/100)
B48: =IF(INDEX('ORR hang muc'!$B$2:$B$300,21)="","",INDEX('ORR hang muc'!$B$2:$B$300,21)) | C48: =IF(INDEX('ORR hang muc'!$C$2:$C$300,21)="","",INDEX('ORR hang muc'!$C$2:$C$300,21)) | H48: =IF(INDEX('ORR hang muc'!$A$2:$A$300,21)="","",INDEX('ORR hang muc'!$A$2:$A$300,21)) | I48: =IF(INDEX('ORR hang muc'!$D$2:$D$300,21)="","",INDEX('ORR hang muc'!$D$2:$D$300,21)) | J48: =IF(B48="","",INDEX('ORR hang muc'!$E$2:$E$300,21)/100)
B49: =IF(INDEX('ORR hang muc'!$B$2:$B$300,22)="","",INDEX('ORR hang muc'!$B$2:$B$300,22)) | C49: =IF(INDEX('ORR hang muc'!$C$2:$C$300,22)="","",INDEX('ORR hang muc'!$C$2:$C$300,22)) | H49: =IF(INDEX('ORR hang muc'!$A$2:$A$300,22)="","",INDEX('ORR hang muc'!$A$2:$A$300,22)) | I49: =IF(INDEX('ORR hang muc'!$D$2:$D$300,22)="","",INDEX('ORR hang muc'!$D$2:$D$300,22)) | J49: =IF(B49="","",INDEX('ORR hang muc'!$E$2:$E$300,22)/100)
B50: =IF(INDEX('ORR hang muc'!$B$2:$B$300,23)="","",INDEX('ORR hang muc'!$B$2:$B$300,23)) | C50: =IF(INDEX('ORR hang muc'!$C$2:$C$300,23)="","",INDEX('ORR hang muc'!$C$2:$C$300,23)) | H50: =IF(INDEX('ORR hang muc'!$A$2:$A$300,23)="","",INDEX('ORR hang muc'!$A$2:$A$300,23)) | I50: =IF(INDEX('ORR hang muc'!$D$2:$D$300,23)="","",INDEX('ORR hang muc'!$D$2:$D$300,23)) | J50: =IF(B50="","",INDEX('ORR hang muc'!$E$2:$E$300,23)/100)
B51: =IF(INDEX('ORR hang muc'!$B$2:$B$300,24)="","",INDEX('ORR hang muc'!$B$2:$B$300,24)) | C51: =IF(INDEX('ORR hang muc'!$C$2:$C$300,24)="","",INDEX('ORR hang muc'!$C$2:$C$300,24)) | H51: =IF(INDEX('ORR hang muc'!$A$2:$A$300,24)="","",INDEX('ORR hang muc'!$A$2:$A$300,24)) | I51: =IF(INDEX('ORR hang muc'!$D$2:$D$300,24)="","",INDEX('ORR hang muc'!$D$2:$D$300,24)) | J51: =IF(B51="","",INDEX('ORR hang muc'!$E$2:$E$300,24)/100)
B52: =IF(INDEX('ORR hang muc'!$B$2:$B$300,25)="","",INDEX('ORR hang muc'!$B$2:$B$300,25)) | C52: =IF(INDEX('ORR hang muc'!$C$2:$C$300,25)="","",INDEX('ORR hang muc'!$C$2:$C$300,25)) | H52: =IF(INDEX('ORR hang muc'!$A$2:$A$300,25)="","",INDEX('ORR hang muc'!$A$2:$A$300,25)) | I52: =IF(INDEX('ORR hang muc'!$D$2:$D$300,25)="","",INDEX('ORR hang muc'!$D$2:$D$300,25)) | J52: =IF(B52="","",INDEX('ORR hang muc'!$E$2:$E$300,25)/100)
B53: =IF(INDEX('ORR hang muc'!$B$2:$B$300,26)="","",INDEX('ORR hang muc'!$B$2:$B$300,26)) | C53: =IF(INDEX('ORR hang muc'!$C$2:$C$300,26)="","",INDEX('ORR hang muc'!$C$2:$C$300,26)) | H53: =IF(INDEX('ORR hang muc'!$A$2:$A$300,26)="","",INDEX('ORR hang muc'!$A$2:$A$300,26)) | I53: =IF(INDEX('ORR hang muc'!$D$2:$D$300,26)="","",INDEX('ORR hang muc'!$D$2:$D$300,26)) | J53: =IF(B53="","",INDEX('ORR hang muc'!$E$2:$E$300,26)/100)
B54: =IF(INDEX('ORR hang muc'!$B$2:$B$300,27)="","",INDEX('ORR hang muc'!$B$2:$B$300,27)) | C54: =IF(INDEX('ORR hang muc'!$C$2:$C$300,27)="","",INDEX('ORR hang muc'!$C$2:$C$300,27)) | H54: =IF(INDEX('ORR hang muc'!$A$2:$A$300,27)="","",INDEX('ORR hang muc'!$A$2:$A$300,27)) | I54: =IF(INDEX('ORR hang muc'!$D$2:$D$300,27)="","",INDEX('ORR hang muc'!$D$2:$D$300,27)) | J54: =IF(B54="","",INDEX('ORR hang muc'!$E$2:$E$300,27)/100)
B55: =IF(INDEX('ORR hang muc'!$B$2:$B$300,28)="","",INDEX('ORR hang muc'!$B$2:$B$300,28)) | C55: =IF(INDEX('ORR hang muc'!$C$2:$C$300,28)="","",INDEX('ORR hang muc'!$C$2:$C$300,28)) | H55: =IF(INDEX('ORR hang muc'!$A$2:$A$300,28)="","",INDEX('ORR hang muc'!$A$2:$A$300,28)) | I55: =IF(INDEX('ORR hang muc'!$D$2:$D$300,28)="","",INDEX('ORR hang muc'!$D$2:$D$300,28)) | J55: =IF(B55="","",INDEX('ORR hang muc'!$E$2:$E$300,28)/100)
B56: =IF(INDEX('ORR hang muc'!$B$2:$B$300,29)="","",INDEX('ORR hang muc'!$B$2:$B$300,29)) | C56: =IF(INDEX('ORR hang muc'!$C$2:$C$300,29)="","",INDEX('ORR hang muc'!$C$2:$C$300,29)) | H56: =IF(INDEX('ORR hang muc'!$A$2:$A$300,29)="","",INDEX('ORR hang muc'!$A$2:$A$300,29)) | I56: =IF(INDEX('ORR hang muc'!$D$2:$D$300,29)="","",INDEX('ORR hang muc'!$D$2:$D$300,29)) | J56: =IF(B56="","",INDEX('ORR hang muc'!$E$2:$E$300,29)/100)
B57: =IF(INDEX('ORR hang muc'!$B$2:$B$300,30)="","",INDEX('ORR hang muc'!$B$2:$B$300,30)) | C57: =IF(INDEX('ORR hang muc'!$C$2:$C$300,30)="","",INDEX('ORR hang muc'!$C$2:$C$300,30)) | H57: =IF(INDEX('ORR hang muc'!$A$2:$A$300,30)="","",INDEX('ORR hang muc'!$A$2:$A$300,30)) | I57: =IF(INDEX('ORR hang muc'!$D$2:$D$300,30)="","",INDEX('ORR hang muc'!$D$2:$D$300,30)) | J57: =IF(B57="","",INDEX('ORR hang muc'!$E$2:$E$300,30)/100)

Sheet Procedures
B1: ="OPS readiness – report "&TEXT(DATEVALUE('Thong tin'!$A$2),"d mmm yyyy")
B2: Procedure completion. The full register is the "Quy trinh" data sheet; this page lists the ones still open.
B4: ="HSE procedures · "&COUNTIFS('Quy trinh'!$B$2:$B$300,"HSE")&" documents" | G4: ="General operations procedures · "&COUNTIFS('Quy trinh'!$B$2:$B$300,"General operations")&" documents"
B5: =AVERAGEIFS('Quy trinh'!$H$2:$H$300,'Quy trinh'!$B$2:$B$300,"HSE")/100 | G5: =AVERAGEIFS('Quy trinh'!$H$2:$H$300,'Quy trinh'!$B$2:$B$300,"General operations")/100
B6: =COUNTIFS('Quy trinh'!$B$2:$B$300,"HSE",'Quy trinh'!$E$2:$E$300,"<>Yes")&" not yet issued" | G6: =COUNTIFS('Quy trinh'!$B$2:$B$300,"General operations",'Quy trinh'!$E$2:$E$300,"<>Yes")&" not yet issued"
B8: Open procedures (not yet issued)
B9: In register order. Red: 0% · amber: in progress.
B10: Code | C10: Document | G10: Owner | I10: Due | J10: Completion | K10: Remark
B11: =IF($Z11="","",IF(INDEX('Quy trinh'!$A$2:$A$300,$Z11)="","",INDEX('Quy trinh'!$A$2:$A$300,$Z11))) | C11: =IF($Z11="","",IF(INDEX('Quy trinh'!$C$2:$C$300,$Z11)="","",INDEX('Quy trinh'!$C$2:$C$300,$Z11))) | G11: =IF($Z11="","",IF(INDEX('Quy trinh'!$F$2:$F$300,$Z11)="","",INDEX('Quy trinh'!$F$2:$F$300,$Z11))) | I11: =IF($Z11="","",IF(INDEX('Quy trinh'!$G$2:$G$300,$Z11)="","",INDEX('Quy trinh'!$G$2:$G$300,$Z11))) | J11: =IF($Z11="","",INDEX('Quy trinh'!$H$2:$H$300,$Z11)/100) | K11: =IF($Z11="","",IF(INDEX('Quy trinh'!$I$2:$I$300,$Z11)="","",INDEX('Quy trinh'!$I$2:$I$300,$Z11))) | Z11: {=IFERROR(SMALL(IF(('Quy trinh'!$E$2:$E$300<>"Yes")*('Quy trinh'!$C$2:$C$300<>""),ROW('Quy trinh'!$A$2:$A$300)-1),1),"")}
B12: =IF($Z12="","",IF(INDEX('Quy trinh'!$A$2:$A$300,$Z12)="","",INDEX('Quy trinh'!$A$2:$A$300,$Z12))) | C12: =IF($Z12="","",IF(INDEX('Quy trinh'!$C$2:$C$300,$Z12)="","",INDEX('Quy trinh'!$C$2:$C$300,$Z12))) | G12: =IF($Z12="","",IF(INDEX('Quy trinh'!$F$2:$F$300,$Z12)="","",INDEX('Quy trinh'!$F$2:$F$300,$Z12))) | I12: =IF($Z12="","",IF(INDEX('Quy trinh'!$G$2:$G$300,$Z12)="","",INDEX('Quy trinh'!$G$2:$G$300,$Z12))) | J12: =IF($Z12="","",INDEX('Quy trinh'!$H$2:$H$300,$Z12)/100) | K12: =IF($Z12="","",IF(INDEX('Quy trinh'!$I$2:$I$300,$Z12)="","",INDEX('Quy trinh'!$I$2:$I$300,$Z12))) | Z12: {=IFERROR(SMALL(IF(('Quy trinh'!$E$2:$E$300<>"Yes")*('Quy trinh'!$C$2:$C$300<>""),ROW('Quy trinh'!$A$2:$A$300)-1),2),"")}
B13: =IF($Z13="","",IF(INDEX('Quy trinh'!$A$2:$A$300,$Z13)="","",INDEX('Quy trinh'!$A$2:$A$300,$Z13))) | C13: =IF($Z13="","",IF(INDEX('Quy trinh'!$C$2:$C$300,$Z13)="","",INDEX('Quy trinh'!$C$2:$C$300,$Z13))) | G13: =IF($Z13="","",IF(INDEX('Quy trinh'!$F$2:$F$300,$Z13)="","",INDEX('Quy trinh'!$F$2:$F$300,$Z13))) | I13: =IF($Z13="","",IF(INDEX('Quy trinh'!$G$2:$G$300,$Z13)="","",INDEX('Quy trinh'!$G$2:$G$300,$Z13))) | J13: =IF($Z13="","",INDEX('Quy trinh'!$H$2:$H$300,$Z13)/100) | K13: =IF($Z13="","",IF(INDEX('Quy trinh'!$I$2:$I$300,$Z13)="","",INDEX('Quy trinh'!$I$2:$I$300,$Z13))) | Z13: {=IFERROR(SMALL(IF(('Quy trinh'!$E$2:$E$300<>"Yes")*('Quy trinh'!$C$2:$C$300<>""),ROW('Quy trinh'!$A$2:$A$300)-1),3),"")}
B14: =IF($Z14="","",IF(INDEX('Quy trinh'!$A$2:$A$300,$Z14)="","",INDEX('Quy trinh'!$A$2:$A$300,$Z14))) | C14: =IF($Z14="","",IF(INDEX('Quy trinh'!$C$2:$C$300,$Z14)="","",INDEX('Quy trinh'!$C$2:$C$300,$Z14))) | G14: =IF($Z14="","",IF(INDEX('Quy trinh'!$F$2:$F$300,$Z14)="","",INDEX('Quy trinh'!$F$2:$F$300,$Z14))) | I14: =IF($Z14="","",IF(INDEX('Quy trinh'!$G$2:$G$300,$Z14)="","",INDEX('Quy trinh'!$G$2:$G$300,$Z14))) | J14: =IF($Z14="","",INDEX('Quy trinh'!$H$2:$H$300,$Z14)/100) | K14: =IF($Z14="","",IF(INDEX('Quy trinh'!$I$2:$I$300,$Z14)="","",INDEX('Quy trinh'!$I$2:$I$300,$Z14))) | Z14: {=IFERROR(SMALL(IF(('Quy trinh'!$E$2:$E$300<>"Yes")*('Quy trinh'!$C$2:$C$300<>""),ROW('Quy trinh'!$A$2:$A$300)-1),4),"")}
B15: =IF($Z15="","",IF(INDEX('Quy trinh'!$A$2:$A$300,$Z15)="","",INDEX('Quy trinh'!$A$2:$A$300,$Z15))) | C15: =IF($Z15="","",IF(INDEX('Quy trinh'!$C$2:$C$300,$Z15)="","",INDEX('Quy trinh'!$C$2:$C$300,$Z15))) | G15: =IF($Z15="","",IF(INDEX('Quy trinh'!$F$2:$F$300,$Z15)="","",INDEX('Quy trinh'!$F$2:$F$300,$Z15))) | I15: =IF($Z15="","",IF(INDEX('Quy trinh'!$G$2:$G$300,$Z15)="","",INDEX('Quy trinh'!$G$2:$G$300,$Z15))) | J15: =IF($Z15="","",INDEX('Quy trinh'!$H$2:$H$300,$Z15)/100) | K15: =IF($Z15="","",IF(INDEX('Quy trinh'!$I$2:$I$300,$Z15)="","",INDEX('Quy trinh'!$I$2:$I$300,$Z15))) | Z15: {=IFERROR(SMALL(IF(('Quy trinh'!$E$2:$E$300<>"Yes")*('Quy trinh'!$C$2:$C$300<>""),ROW('Quy trinh'!$A$2:$A$300)-1),5),"")}
B16: =IF($Z16="","",IF(INDEX('Quy trinh'!$A$2:$A$300,$Z16)="","",INDEX('Quy trinh'!$A$2:$A$300,$Z16))) | C16: =IF($Z16="","",IF(INDEX('Quy trinh'!$C$2:$C$300,$Z16)="","",INDEX('Quy trinh'!$C$2:$C$300,$Z16))) | G16: =IF($Z16="","",IF(INDEX('Quy trinh'!$F$2:$F$300,$Z16)="","",INDEX('Quy trinh'!$F$2:$F$300,$Z16))) | I16: =IF($Z16="","",IF(INDEX('Quy trinh'!$G$2:$G$300,$Z16)="","",INDEX('Quy trinh'!$G$2:$G$300,$Z16))) | J16: =IF($Z16="","",INDEX('Quy trinh'!$H$2:$H$300,$Z16)/100) | K16: =IF($Z16="","",IF(INDEX('Quy trinh'!$I$2:$I$300,$Z16)="","",INDEX('Quy trinh'!$I$2:$I$300,$Z16))) | Z16: {=IFERROR(SMALL(IF(('Quy trinh'!$E$2:$E$300<>"Yes")*('Quy trinh'!$C$2:$C$300<>""),ROW('Quy trinh'!$A$2:$A$300)-1),6),"")}
B17: =IF($Z17="","",IF(INDEX('Quy trinh'!$A$2:$A$300,$Z17)="","",INDEX('Quy trinh'!$A$2:$A$300,$Z17))) | C17: =IF($Z17="","",IF(INDEX('Quy trinh'!$C$2:$C$300,$Z17)="","",INDEX('Quy trinh'!$C$2:$C$300,$Z17))) | G17: =IF($Z17="","",IF(INDEX('Quy trinh'!$F$2:$F$300,$Z17)="","",INDEX('Quy trinh'!$F$2:$F$300,$Z17))) | I17: =IF($Z17="","",IF(INDEX('Quy trinh'!$G$2:$G$300,$Z17)="","",INDEX('Quy trinh'!$G$2:$G$300,$Z17))) | J17: =IF($Z17="","",INDEX('Quy trinh'!$H$2:$H$300,$Z17)/100) | K17: =IF($Z17="","",IF(INDEX('Quy trinh'!$I$2:$I$300,$Z17)="","",INDEX('Quy trinh'!$I$2:$I$300,$Z17))) | Z17: {=IFERROR(SMALL(IF(('Quy trinh'!$E$2:$E$300<>"Yes")*('Quy trinh'!$C$2:$C$300<>""),ROW('Quy trinh'!$A$2:$A$300)-1),7),"")}
B18: =IF($Z18="","",IF(INDEX('Quy trinh'!$A$2:$A$300,$Z18)="","",INDEX('Quy trinh'!$A$2:$A$300,$Z18))) | C18: =IF($Z18="","",IF(INDEX('Quy trinh'!$C$2:$C$300,$Z18)="","",INDEX('Quy trinh'!$C$2:$C$300,$Z18))) | G18: =IF($Z18="","",IF(INDEX('Quy trinh'!$F$2:$F$300,$Z18)="","",INDEX('Quy trinh'!$F$2:$F$300,$Z18))) | I18: =IF($Z18="","",IF(INDEX('Quy trinh'!$G$2:$G$300,$Z18)="","",INDEX('Quy trinh'!$G$2:$G$300,$Z18))) | J18: =IF($Z18="","",INDEX('Quy trinh'!$H$2:$H$300,$Z18)/100) | K18: =IF($Z18="","",IF(INDEX('Quy trinh'!$I$2:$I$300,$Z18)="","",INDEX('Quy trinh'!$I$2:$I$300,$Z18))) | Z18: {=IFERROR(SMALL(IF(('Quy trinh'!$E$2:$E$300<>"Yes")*('Quy trinh'!$C$2:$C$300<>""),ROW('Quy trinh'!$A$2:$A$300)-1),8),"")}
B19: =IF($Z19="","",IF(INDEX('Quy trinh'!$A$2:$A$300,$Z19)="","",INDEX('Quy trinh'!$A$2:$A$300,$Z19))) | C19: =IF($Z19="","",IF(INDEX('Quy trinh'!$C$2:$C$300,$Z19)="","",INDEX('Quy trinh'!$C$2:$C$300,$Z19))) | G19: =IF($Z19="","",IF(INDEX('Quy trinh'!$F$2:$F$300,$Z19)="","",INDEX('Quy trinh'!$F$2:$F$300,$Z19))) | I19: =IF($Z19="","",IF(INDEX('Quy trinh'!$G$2:$G$300,$Z19)="","",INDEX('Quy trinh'!$G$2:$G$300,$Z19))) | J19: =IF($Z19="","",INDEX('Quy trinh'!$H$2:$H$300,$Z19)/100) | K19: =IF($Z19="","",IF(INDEX('Quy trinh'!$I$2:$I$300,$Z19)="","",INDEX('Quy trinh'!$I$2:$I$300,$Z19))) | Z19: {=IFERROR(SMALL(IF(('Quy trinh'!$E$2:$E$300<>"Yes")*('Quy trinh'!$C$2:$C$300<>""),ROW('Quy trinh'!$A$2:$A$300)-1),9),"")}
B20: =IF($Z20="","",IF(INDEX('Quy trinh'!$A$2:$A$300,$Z20)="","",INDEX('Quy trinh'!$A$2:$A$300,$Z20))) | C20: =IF($Z20="","",IF(INDEX('Quy trinh'!$C$2:$C$300,$Z20)="","",INDEX('Quy trinh'!$C$2:$C$300,$Z20))) | G20: =IF($Z20="","",IF(INDEX('Quy trinh'!$F$2:$F$300,$Z20)="","",INDEX('Quy trinh'!$F$2:$F$300,$Z20))) | I20: =IF($Z20="","",IF(INDEX('Quy trinh'!$G$2:$G$300,$Z20)="","",INDEX('Quy trinh'!$G$2:$G$300,$Z20))) | J20: =IF($Z20="","",INDEX('Quy trinh'!$H$2:$H$300,$Z20)/100) | K20: =IF($Z20="","",IF(INDEX('Quy trinh'!$I$2:$I$300,$Z20)="","",INDEX('Quy trinh'!$I$2:$I$300,$Z20))) | Z20: {=IFERROR(SMALL(IF(('Quy trinh'!$E$2:$E$300<>"Yes")*('Quy trinh'!$C$2:$C$300<>""),ROW('Quy trinh'!$A$2:$A$300)-1),10),"")}
B21: =IF($Z21="","",IF(INDEX('Quy trinh'!$A$2:$A$300,$Z21)="","",INDEX('Quy trinh'!$A$2:$A$300,$Z21))) | C21: =IF($Z21="","",IF(INDEX('Quy trinh'!$C$2:$C$300,$Z21)="","",INDEX('Quy trinh'!$C$2:$C$300,$Z21))) | G21: =IF($Z21="","",IF(INDEX('Quy trinh'!$F$2:$F$300,$Z21)="","",INDEX('Quy trinh'!$F$2:$F$300,$Z21))) | I21: =IF($Z21="","",IF(INDEX('Quy trinh'!$G$2:$G$300,$Z21)="","",INDEX('Quy trinh'!$G$2:$G$300,$Z21))) | J21: =IF($Z21="","",INDEX('Quy trinh'!$H$2:$H$300,$Z21)/100) | K21: =IF($Z21="","",IF(INDEX('Quy trinh'!$I$2:$I$300,$Z21)="","",INDEX('Quy trinh'!$I$2:$I$300,$Z21))) | Z21: {=IFERROR(SMALL(IF(('Quy trinh'!$E$2:$E$300<>"Yes")*('Quy trinh'!$C$2:$C$300<>""),ROW('Quy trinh'!$A$2:$A$300)-1),11),"")}
B22: =IF($Z22="","",IF(INDEX('Quy trinh'!$A$2:$A$300,$Z22)="","",INDEX('Quy trinh'!$A$2:$A$300,$Z22))) | C22: =IF($Z22="","",IF(INDEX('Quy trinh'!$C$2:$C$300,$Z22)="","",INDEX('Quy trinh'!$C$2:$C$300,$Z22))) | G22: =IF($Z22="","",IF(INDEX('Quy trinh'!$F$2:$F$300,$Z22)="","",INDEX('Quy trinh'!$F$2:$F$300,$Z22))) | I22: =IF($Z22="","",IF(INDEX('Quy trinh'!$G$2:$G$300,$Z22)="","",INDEX('Quy trinh'!$G$2:$G$300,$Z22))) | J22: =IF($Z22="","",INDEX('Quy trinh'!$H$2:$H$300,$Z22)/100) | K22: =IF($Z22="","",IF(INDEX('Quy trinh'!$I$2:$I$300,$Z22)="","",INDEX('Quy trinh'!$I$2:$I$300,$Z22))) | Z22: {=IFERROR(SMALL(IF(('Quy trinh'!$E$2:$E$300<>"Yes")*('Quy trinh'!$C$2:$C$300<>""),ROW('Quy trinh'!$A$2:$A$300)-1),12),"")}
B23: =IF($Z23="","",IF(INDEX('Quy trinh'!$A$2:$A$300,$Z23)="","",INDEX('Quy trinh'!$A$2:$A$300,$Z23))) | C23: =IF($Z23="","",IF(INDEX('Quy trinh'!$C$2:$C$300,$Z23)="","",INDEX('Quy trinh'!$C$2:$C$300,$Z23))) | G23: =IF($Z23="","",IF(INDEX('Quy trinh'!$F$2:$F$300,$Z23)="","",INDEX('Quy trinh'!$F$2:$F$300,$Z23))) | I23: =IF($Z23="","",IF(INDEX('Quy trinh'!$G$2:$G$300,$Z23)="","",INDEX('Quy trinh'!$G$2:$G$300,$Z23))) | J23: =IF($Z23="","",INDEX('Quy trinh'!$H$2:$H$300,$Z23)/100) | K23: =IF($Z23="","",IF(INDEX('Quy trinh'!$I$2:$I$300,$Z23)="","",INDEX('Quy trinh'!$I$2:$I$300,$Z23))) | Z23: {=IFERROR(SMALL(IF(('Quy trinh'!$E$2:$E$300<>"Yes")*('Quy trinh'!$C$2:$C$300<>""),ROW('Quy trinh'!$A$2:$A$300)-1),13),"")}
B24: =IF($Z24="","",IF(INDEX('Quy trinh'!$A$2:$A$300,$Z24)="","",INDEX('Quy trinh'!$A$2:$A$300,$Z24))) | C24: =IF($Z24="","",IF(INDEX('Quy trinh'!$C$2:$C$300,$Z24)="","",INDEX('Quy trinh'!$C$2:$C$300,$Z24))) | G24: =IF($Z24="","",IF(INDEX('Quy trinh'!$F$2:$F$300,$Z24)="","",INDEX('Quy trinh'!$F$2:$F$300,$Z24))) | I24: =IF($Z24="","",IF(INDEX('Quy trinh'!$G$2:$G$300,$Z24)="","",INDEX('Quy trinh'!$G$2:$G$300,$Z24))) | J24: =IF($Z24="","",INDEX('Quy trinh'!$H$2:$H$300,$Z24)/100) | K24: =IF($Z24="","",IF(INDEX('Quy trinh'!$I$2:$I$300,$Z24)="","",INDEX('Quy trinh'!$I$2:$I$300,$Z24))) | Z24: {=IFERROR(SMALL(IF(('Quy trinh'!$E$2:$E$300<>"Yes")*('Quy trinh'!$C$2:$C$300<>""),ROW('Quy trinh'!$A$2:$A$300)-1),14),"")}
B25: =IF($Z25="","",IF(INDEX('Quy trinh'!$A$2:$A$300,$Z25)="","",INDEX('Quy trinh'!$A$2:$A$300,$Z25))) | C25: =IF($Z25="","",IF(INDEX('Quy trinh'!$C$2:$C$300,$Z25)="","",INDEX('Quy trinh'!$C$2:$C$300,$Z25))) | G25: =IF($Z25="","",IF(INDEX('Quy trinh'!$F$2:$F$300,$Z25)="","",INDEX('Quy trinh'!$F$2:$F$300,$Z25))) | I25: =IF($Z25="","",IF(INDEX('Quy trinh'!$G$2:$G$300,$Z25)="","",INDEX('Quy trinh'!$G$2:$G$300,$Z25))) | J25: =IF($Z25="","",INDEX('Quy trinh'!$H$2:$H$300,$Z25)/100) | K25: =IF($Z25="","",IF(INDEX('Quy trinh'!$I$2:$I$300,$Z25)="","",INDEX('Quy trinh'!$I$2:$I$300,$Z25))) | Z25: {=IFERROR(SMALL(IF(('Quy trinh'!$E$2:$E$300<>"Yes")*('Quy trinh'!$C$2:$C$300<>""),ROW('Quy trinh'!$A$2:$A$300)-1),15),"")}
B26: =IF($Z26="","",IF(INDEX('Quy trinh'!$A$2:$A$300,$Z26)="","",INDEX('Quy trinh'!$A$2:$A$300,$Z26))) | C26: =IF($Z26="","",IF(INDEX('Quy trinh'!$C$2:$C$300,$Z26)="","",INDEX('Quy trinh'!$C$2:$C$300,$Z26))) | G26: =IF($Z26="","",IF(INDEX('Quy trinh'!$F$2:$F$300,$Z26)="","",INDEX('Quy trinh'!$F$2:$F$300,$Z26))) | I26: =IF($Z26="","",IF(INDEX('Quy trinh'!$G$2:$G$300,$Z26)="","",INDEX('Quy trinh'!$G$2:$G$300,$Z26))) | J26: =IF($Z26="","",INDEX('Quy trinh'!$H$2:$H$300,$Z26)/100) | K26: =IF($Z26="","",IF(INDEX('Quy trinh'!$I$2:$I$300,$Z26)="","",INDEX('Quy trinh'!$I$2:$I$300,$Z26))) | Z26: {=IFERROR(SMALL(IF(('Quy trinh'!$E$2:$E$300<>"Yes")*('Quy trinh'!$C$2:$C$300<>""),ROW('Quy trinh'!$A$2:$A$300)-1),16),"")}
B27: =IF($Z27="","",IF(INDEX('Quy trinh'!$A$2:$A$300,$Z27)="","",INDEX('Quy trinh'!$A$2:$A$300,$Z27))) | C27: =IF($Z27="","",IF(INDEX('Quy trinh'!$C$2:$C$300,$Z27)="","",INDEX('Quy trinh'!$C$2:$C$300,$Z27))) | G27: =IF($Z27="","",IF(INDEX('Quy trinh'!$F$2:$F$300,$Z27)="","",INDEX('Quy trinh'!$F$2:$F$300,$Z27))) | I27: =IF($Z27="","",IF(INDEX('Quy trinh'!$G$2:$G$300,$Z27)="","",INDEX('Quy trinh'!$G$2:$G$300,$Z27))) | J27: =IF($Z27="","",INDEX('Quy trinh'!$H$2:$H$300,$Z27)/100) | K27: =IF($Z27="","",IF(INDEX('Quy trinh'!$I$2:$I$300,$Z27)="","",INDEX('Quy trinh'!$I$2:$I$300,$Z27))) | Z27: {=IFERROR(SMALL(IF(('Quy trinh'!$E$2:$E$300<>"Yes")*('Quy trinh'!$C$2:$C$300<>""),ROW('Quy trinh'!$A$2:$A$300)-1),17),"")}
B28: =IF($Z28="","",IF(INDEX('Quy trinh'!$A$2:$A$300,$Z28)="","",INDEX('Quy trinh'!$A$2:$A$300,$Z28))) | C28: =IF($Z28="","",IF(INDEX('Quy trinh'!$C$2:$C$300,$Z28)="","",INDEX('Quy trinh'!$C$2:$C$300,$Z28))) | G28: =IF($Z28="","",IF(INDEX('Quy trinh'!$F$2:$F$300,$Z28)="","",INDEX('Quy trinh'!$F$2:$F$300,$Z28))) | I28: =IF($Z28="","",IF(INDEX('Quy trinh'!$G$2:$G$300,$Z28)="","",INDEX('Quy trinh'!$G$2:$G$300,$Z28))) | J28: =IF($Z28="","",INDEX('Quy trinh'!$H$2:$H$300,$Z28)/100) | K28: =IF($Z28="","",IF(INDEX('Quy trinh'!$I$2:$I$300,$Z28)="","",INDEX('Quy trinh'!$I$2:$I$300,$Z28))) | Z28: {=IFERROR(SMALL(IF(('Quy trinh'!$E$2:$E$300<>"Yes")*('Quy trinh'!$C$2:$C$300<>""),ROW('Quy trinh'!$A$2:$A$300)-1),18),"")}
B29: =IF($Z29="","",IF(INDEX('Quy trinh'!$A$2:$A$300,$Z29)="","",INDEX('Quy trinh'!$A$2:$A$300,$Z29))) | C29: =IF($Z29="","",IF(INDEX('Quy trinh'!$C$2:$C$300,$Z29)="","",INDEX('Quy trinh'!$C$2:$C$300,$Z29))) | G29: =IF($Z29="","",IF(INDEX('Quy trinh'!$F$2:$F$300,$Z29)="","",INDEX('Quy trinh'!$F$2:$F$300,$Z29))) | I29: =IF($Z29="","",IF(INDEX('Quy trinh'!$G$2:$G$300,$Z29)="","",INDEX('Quy trinh'!$G$2:$G$300,$Z29))) | J29: =IF($Z29="","",INDEX('Quy trinh'!$H$2:$H$300,$Z29)/100) | K29: =IF($Z29="","",IF(INDEX('Quy trinh'!$I$2:$I$300,$Z29)="","",INDEX('Quy trinh'!$I$2:$I$300,$Z29))) | Z29: {=IFERROR(SMALL(IF(('Quy trinh'!$E$2:$E$300<>"Yes")*('Quy trinh'!$C$2:$C$300<>""),ROW('Quy trinh'!$A$2:$A$300)-1),19),"")}
B30: =IF($Z30="","",IF(INDEX('Quy trinh'!$A$2:$A$300,$Z30)="","",INDEX('Quy trinh'!$A$2:$A$300,$Z30))) | C30: =IF($Z30="","",IF(INDEX('Quy trinh'!$C$2:$C$300,$Z30)="","",INDEX('Quy trinh'!$C$2:$C$300,$Z30))) | G30: =IF($Z30="","",IF(INDEX('Quy trinh'!$F$2:$F$300,$Z30)="","",INDEX('Quy trinh'!$F$2:$F$300,$Z30))) | I30: =IF($Z30="","",IF(INDEX('Quy trinh'!$G$2:$G$300,$Z30)="","",INDEX('Quy trinh'!$G$2:$G$300,$Z30))) | J30: =IF($Z30="","",INDEX('Quy trinh'!$H$2:$H$300,$Z30)/100) | K30: =IF($Z30="","",IF(INDEX('Quy trinh'!$I$2:$I$300,$Z30)="","",INDEX('Quy trinh'!$I$2:$I$300,$Z30))) | Z30: {=IFERROR(SMALL(IF(('Quy trinh'!$E$2:$E$300<>"Yes")*('Quy trinh'!$C$2:$C$300<>""),ROW('Quy trinh'!$A$2:$A$300)-1),20),"")}
B31: =IF($Z31="","",IF(INDEX('Quy trinh'!$A$2:$A$300,$Z31)="","",INDEX('Quy trinh'!$A$2:$A$300,$Z31))) | C31: =IF($Z31="","",IF(INDEX('Quy trinh'!$C$2:$C$300,$Z31)="","",INDEX('Quy trinh'!$C$2:$C$300,$Z31))) | G31: =IF($Z31="","",IF(INDEX('Quy trinh'!$F$2:$F$300,$Z31)="","",INDEX('Quy trinh'!$F$2:$F$300,$Z31))) | I31: =IF($Z31="","",IF(INDEX('Quy trinh'!$G$2:$G$300,$Z31)="","",INDEX('Quy trinh'!$G$2:$G$300,$Z31))) | J31: =IF($Z31="","",INDEX('Quy trinh'!$H$2:$H$300,$Z31)/100) | K31: =IF($Z31="","",IF(INDEX('Quy trinh'!$I$2:$I$300,$Z31)="","",INDEX('Quy trinh'!$I$2:$I$300,$Z31))) | Z31: {=IFERROR(SMALL(IF(('Quy trinh'!$E$2:$E$300<>"Yes")*('Quy trinh'!$C$2:$C$300<>""),ROW('Quy trinh'!$A$2:$A$300)-1),21),"")}
B32: =IF($Z32="","",IF(INDEX('Quy trinh'!$A$2:$A$300,$Z32)="","",INDEX('Quy trinh'!$A$2:$A$300,$Z32))) | C32: =IF($Z32="","",IF(INDEX('Quy trinh'!$C$2:$C$300,$Z32)="","",INDEX('Quy trinh'!$C$2:$C$300,$Z32))) | G32: =IF($Z32="","",IF(INDEX('Quy trinh'!$F$2:$F$300,$Z32)="","",INDEX('Quy trinh'!$F$2:$F$300,$Z32))) | I32: =IF($Z32="","",IF(INDEX('Quy trinh'!$G$2:$G$300,$Z32)="","",INDEX('Quy trinh'!$G$2:$G$300,$Z32))) | J32: =IF($Z32="","",INDEX('Quy trinh'!$H$2:$H$300,$Z32)/100) | K32: =IF($Z32="","",IF(INDEX('Quy trinh'!$I$2:$I$300,$Z32)="","",INDEX('Quy trinh'!$I$2:$I$300,$Z32))) | Z32: {=IFERROR(SMALL(IF(('Quy trinh'!$E$2:$E$300<>"Yes")*('Quy trinh'!$C$2:$C$300<>""),ROW('Quy trinh'!$A$2:$A$300)-1),22),"")}
B33: =IF($Z33="","",IF(INDEX('Quy trinh'!$A$2:$A$300,$Z33)="","",INDEX('Quy trinh'!$A$2:$A$300,$Z33))) | C33: =IF($Z33="","",IF(INDEX('Quy trinh'!$C$2:$C$300,$Z33)="","",INDEX('Quy trinh'!$C$2:$C$300,$Z33))) | G33: =IF($Z33="","",IF(INDEX('Quy trinh'!$F$2:$F$300,$Z33)="","",INDEX('Quy trinh'!$F$2:$F$300,$Z33))) | I33: =IF($Z33="","",IF(INDEX('Quy trinh'!$G$2:$G$300,$Z33)="","",INDEX('Quy trinh'!$G$2:$G$300,$Z33))) | J33: =IF($Z33="","",INDEX('Quy trinh'!$H$2:$H$300,$Z33)/100) | K33: =IF($Z33="","",IF(INDEX('Quy trinh'!$I$2:$I$300,$Z33)="","",INDEX('Quy trinh'!$I$2:$I$300,$Z33))) | Z33: {=IFERROR(SMALL(IF(('Quy trinh'!$E$2:$E$300<>"Yes")*('Quy trinh'!$C$2:$C$300<>""),ROW('Quy trinh'!$A$2:$A$300)-1),23),"")}
B34: =IF($Z34="","",IF(INDEX('Quy trinh'!$A$2:$A$300,$Z34)="","",INDEX('Quy trinh'!$A$2:$A$300,$Z34))) | C34: =IF($Z34="","",IF(INDEX('Quy trinh'!$C$2:$C$300,$Z34)="","",INDEX('Quy trinh'!$C$2:$C$300,$Z34))) | G34: =IF($Z34="","",IF(INDEX('Quy trinh'!$F$2:$F$300,$Z34)="","",INDEX('Quy trinh'!$F$2:$F$300,$Z34))) | I34: =IF($Z34="","",IF(INDEX('Quy trinh'!$G$2:$G$300,$Z34)="","",INDEX('Quy trinh'!$G$2:$G$300,$Z34))) | J34: =IF($Z34="","",INDEX('Quy trinh'!$H$2:$H$300,$Z34)/100) | K34: =IF($Z34="","",IF(INDEX('Quy trinh'!$I$2:$I$300,$Z34)="","",INDEX('Quy trinh'!$I$2:$I$300,$Z34))) | Z34: {=IFERROR(SMALL(IF(('Quy trinh'!$E$2:$E$300<>"Yes")*('Quy trinh'!$C$2:$C$300<>""),ROW('Quy trinh'!$A$2:$A$300)-1),24),"")}
B35: =IF($Z35="","",IF(INDEX('Quy trinh'!$A$2:$A$300,$Z35)="","",INDEX('Quy trinh'!$A$2:$A$300,$Z35))) | C35: =IF($Z35="","",IF(INDEX('Quy trinh'!$C$2:$C$300,$Z35)="","",INDEX('Quy trinh'!$C$2:$C$300,$Z35))) | G35: =IF($Z35="","",IF(INDEX('Quy trinh'!$F$2:$F$300,$Z35)="","",INDEX('Quy trinh'!$F$2:$F$300,$Z35))) | I35: =IF($Z35="","",IF(INDEX('Quy trinh'!$G$2:$G$300,$Z35)="","",INDEX('Quy trinh'!$G$2:$G$300,$Z35))) | J35: =IF($Z35="","",INDEX('Quy trinh'!$H$2:$H$300,$Z35)/100) | K35: =IF($Z35="","",IF(INDEX('Quy trinh'!$I$2:$I$300,$Z35)="","",INDEX('Quy trinh'!$I$2:$I$300,$Z35))) | Z35: {=IFERROR(SMALL(IF(('Quy trinh'!$E$2:$E$300<>"Yes")*('Quy trinh'!$C$2:$C$300<>""),ROW('Quy trinh'!$A$2:$A$300)-1),25),"")}
B36: =IF($Z36="","",IF(INDEX('Quy trinh'!$A$2:$A$300,$Z36)="","",INDEX('Quy trinh'!$A$2:$A$300,$Z36))) | C36: =IF($Z36="","",IF(INDEX('Quy trinh'!$C$2:$C$300,$Z36)="","",INDEX('Quy trinh'!$C$2:$C$300,$Z36))) | G36: =IF($Z36="","",IF(INDEX('Quy trinh'!$F$2:$F$300,$Z36)="","",INDEX('Quy trinh'!$F$2:$F$300,$Z36))) | I36: =IF($Z36="","",IF(INDEX('Quy trinh'!$G$2:$G$300,$Z36)="","",INDEX('Quy trinh'!$G$2:$G$300,$Z36))) | J36: =IF($Z36="","",INDEX('Quy trinh'!$H$2:$H$300,$Z36)/100) | K36: =IF($Z36="","",IF(INDEX('Quy trinh'!$I$2:$I$300,$Z36)="","",INDEX('Quy trinh'!$I$2:$I$300,$Z36))) | Z36: {=IFERROR(SMALL(IF(('Quy trinh'!$E$2:$E$300<>"Yes")*('Quy trinh'!$C$2:$C$300<>""),ROW('Quy trinh'!$A$2:$A$300)-1),26),"")}
B37: =IF($Z37="","",IF(INDEX('Quy trinh'!$A$2:$A$300,$Z37)="","",INDEX('Quy trinh'!$A$2:$A$300,$Z37))) | C37: =IF($Z37="","",IF(INDEX('Quy trinh'!$C$2:$C$300,$Z37)="","",INDEX('Quy trinh'!$C$2:$C$300,$Z37))) | G37: =IF($Z37="","",IF(INDEX('Quy trinh'!$F$2:$F$300,$Z37)="","",INDEX('Quy trinh'!$F$2:$F$300,$Z37))) | I37: =IF($Z37="","",IF(INDEX('Quy trinh'!$G$2:$G$300,$Z37)="","",INDEX('Quy trinh'!$G$2:$G$300,$Z37))) | J37: =IF($Z37="","",INDEX('Quy trinh'!$H$2:$H$300,$Z37)/100) | K37: =IF($Z37="","",IF(INDEX('Quy trinh'!$I$2:$I$300,$Z37)="","",INDEX('Quy trinh'!$I$2:$I$300,$Z37))) | Z37: {=IFERROR(SMALL(IF(('Quy trinh'!$E$2:$E$300<>"Yes")*('Quy trinh'!$C$2:$C$300<>""),ROW('Quy trinh'!$A$2:$A$300)-1),27),"")}
B38: =IF($Z38="","",IF(INDEX('Quy trinh'!$A$2:$A$300,$Z38)="","",INDEX('Quy trinh'!$A$2:$A$300,$Z38))) | C38: =IF($Z38="","",IF(INDEX('Quy trinh'!$C$2:$C$300,$Z38)="","",INDEX('Quy trinh'!$C$2:$C$300,$Z38))) | G38: =IF($Z38="","",IF(INDEX('Quy trinh'!$F$2:$F$300,$Z38)="","",INDEX('Quy trinh'!$F$2:$F$300,$Z38))) | I38: =IF($Z38="","",IF(INDEX('Quy trinh'!$G$2:$G$300,$Z38)="","",INDEX('Quy trinh'!$G$2:$G$300,$Z38))) | J38: =IF($Z38="","",INDEX('Quy trinh'!$H$2:$H$300,$Z38)/100) | K38: =IF($Z38="","",IF(INDEX('Quy trinh'!$I$2:$I$300,$Z38)="","",INDEX('Quy trinh'!$I$2:$I$300,$Z38))) | Z38: {=IFERROR(SMALL(IF(('Quy trinh'!$E$2:$E$300<>"Yes")*('Quy trinh'!$C$2:$C$300<>""),ROW('Quy trinh'!$A$2:$A$300)-1),28),"")}
B39: =IF($Z39="","",IF(INDEX('Quy trinh'!$A$2:$A$300,$Z39)="","",INDEX('Quy trinh'!$A$2:$A$300,$Z39))) | C39: =IF($Z39="","",IF(INDEX('Quy trinh'!$C$2:$C$300,$Z39)="","",INDEX('Quy trinh'!$C$2:$C$300,$Z39))) | G39: =IF($Z39="","",IF(INDEX('Quy trinh'!$F$2:$F$300,$Z39)="","",INDEX('Quy trinh'!$F$2:$F$300,$Z39))) | I39: =IF($Z39="","",IF(INDEX('Quy trinh'!$G$2:$G$300,$Z39)="","",INDEX('Quy trinh'!$G$2:$G$300,$Z39))) | J39: =IF($Z39="","",INDEX('Quy trinh'!$H$2:$H$300,$Z39)/100) | K39: =IF($Z39="","",IF(INDEX('Quy trinh'!$I$2:$I$300,$Z39)="","",INDEX('Quy trinh'!$I$2:$I$300,$Z39))) | Z39: {=IFERROR(SMALL(IF(('Quy trinh'!$E$2:$E$300<>"Yes")*('Quy trinh'!$C$2:$C$300<>""),ROW('Quy trinh'!$A$2:$A$300)-1),29),"")}
B40: =IF($Z40="","",IF(INDEX('Quy trinh'!$A$2:$A$300,$Z40)="","",INDEX('Quy trinh'!$A$2:$A$300,$Z40))) | C40: =IF($Z40="","",IF(INDEX('Quy trinh'!$C$2:$C$300,$Z40)="","",INDEX('Quy trinh'!$C$2:$C$300,$Z40))) | G40: =IF($Z40="","",IF(INDEX('Quy trinh'!$F$2:$F$300,$Z40)="","",INDEX('Quy trinh'!$F$2:$F$300,$Z40))) | I40: =IF($Z40="","",IF(INDEX('Quy trinh'!$G$2:$G$300,$Z40)="","",INDEX('Quy trinh'!$G$2:$G$300,$Z40))) | J40: =IF($Z40="","",INDEX('Quy trinh'!$H$2:$H$300,$Z40)/100) | K40: =IF($Z40="","",IF(INDEX('Quy trinh'!$I$2:$I$300,$Z40)="","",INDEX('Quy trinh'!$I$2:$I$300,$Z40))) | Z40: {=IFERROR(SMALL(IF(('Quy trinh'!$E$2:$E$300<>"Yes")*('Quy trinh'!$C$2:$C$300<>""),ROW('Quy trinh'!$A$2:$A$300)-1),30),"")}
B41: =IF($Z41="","",IF(INDEX('Quy trinh'!$A$2:$A$300,$Z41)="","",INDEX('Quy trinh'!$A$2:$A$300,$Z41))) | C41: =IF($Z41="","",IF(INDEX('Quy trinh'!$C$2:$C$300,$Z41)="","",INDEX('Quy trinh'!$C$2:$C$300,$Z41))) | G41: =IF($Z41="","",IF(INDEX('Quy trinh'!$F$2:$F$300,$Z41)="","",INDEX('Quy trinh'!$F$2:$F$300,$Z41))) | I41: =IF($Z41="","",IF(INDEX('Quy trinh'!$G$2:$G$300,$Z41)="","",INDEX('Quy trinh'!$G$2:$G$300,$Z41))) | J41: =IF($Z41="","",INDEX('Quy trinh'!$H$2:$H$300,$Z41)/100) | K41: =IF($Z41="","",IF(INDEX('Quy trinh'!$I$2:$I$300,$Z41)="","",INDEX('Quy trinh'!$I$2:$I$300,$Z41))) | Z41: {=IFERROR(SMALL(IF(('Quy trinh'!$E$2:$E$300<>"Yes")*('Quy trinh'!$C$2:$C$300<>""),ROW('Quy trinh'!$A$2:$A$300)-1),31),"")}
B42: =IF($Z42="","",IF(INDEX('Quy trinh'!$A$2:$A$300,$Z42)="","",INDEX('Quy trinh'!$A$2:$A$300,$Z42))) | C42: =IF($Z42="","",IF(INDEX('Quy trinh'!$C$2:$C$300,$Z42)="","",INDEX('Quy trinh'!$C$2:$C$300,$Z42))) | G42: =IF($Z42="","",IF(INDEX('Quy trinh'!$F$2:$F$300,$Z42)="","",INDEX('Quy trinh'!$F$2:$F$300,$Z42))) | I42: =IF($Z42="","",IF(INDEX('Quy trinh'!$G$2:$G$300,$Z42)="","",INDEX('Quy trinh'!$G$2:$G$300,$Z42))) | J42: =IF($Z42="","",INDEX('Quy trinh'!$H$2:$H$300,$Z42)/100) | K42: =IF($Z42="","",IF(INDEX('Quy trinh'!$I$2:$I$300,$Z42)="","",INDEX('Quy trinh'!$I$2:$I$300,$Z42))) | Z42: {=IFERROR(SMALL(IF(('Quy trinh'!$E$2:$E$300<>"Yes")*('Quy trinh'!$C$2:$C$300<>""),ROW('Quy trinh'!$A$2:$A$300)-1),32),"")}
B43: =IF($Z43="","",IF(INDEX('Quy trinh'!$A$2:$A$300,$Z43)="","",INDEX('Quy trinh'!$A$2:$A$300,$Z43))) | C43: =IF($Z43="","",IF(INDEX('Quy trinh'!$C$2:$C$300,$Z43)="","",INDEX('Quy trinh'!$C$2:$C$300,$Z43))) | G43: =IF($Z43="","",IF(INDEX('Quy trinh'!$F$2:$F$300,$Z43)="","",INDEX('Quy trinh'!$F$2:$F$300,$Z43))) | I43: =IF($Z43="","",IF(INDEX('Quy trinh'!$G$2:$G$300,$Z43)="","",INDEX('Quy trinh'!$G$2:$G$300,$Z43))) | J43: =IF($Z43="","",INDEX('Quy trinh'!$H$2:$H$300,$Z43)/100) | K43: =IF($Z43="","",IF(INDEX('Quy trinh'!$I$2:$I$300,$Z43)="","",INDEX('Quy trinh'!$I$2:$I$300,$Z43))) | Z43: {=IFERROR(SMALL(IF(('Quy trinh'!$E$2:$E$300<>"Yes")*('Quy trinh'!$C$2:$C$300<>""),ROW('Quy trinh'!$A$2:$A$300)-1),33),"")}
B44: =IF($Z44="","",IF(INDEX('Quy trinh'!$A$2:$A$300,$Z44)="","",INDEX('Quy trinh'!$A$2:$A$300,$Z44))) | C44: =IF($Z44="","",IF(INDEX('Quy trinh'!$C$2:$C$300,$Z44)="","",INDEX('Quy trinh'!$C$2:$C$300,$Z44))) | G44: =IF($Z44="","",IF(INDEX('Quy trinh'!$F$2:$F$300,$Z44)="","",INDEX('Quy trinh'!$F$2:$F$300,$Z44))) | I44: =IF($Z44="","",IF(INDEX('Quy trinh'!$G$2:$G$300,$Z44)="","",INDEX('Quy trinh'!$G$2:$G$300,$Z44))) | J44: =IF($Z44="","",INDEX('Quy trinh'!$H$2:$H$300,$Z44)/100) | K44: =IF($Z44="","",IF(INDEX('Quy trinh'!$I$2:$I$300,$Z44)="","",INDEX('Quy trinh'!$I$2:$I$300,$Z44))) | Z44: {=IFERROR(SMALL(IF(('Quy trinh'!$E$2:$E$300<>"Yes")*('Quy trinh'!$C$2:$C$300<>""),ROW('Quy trinh'!$A$2:$A$300)-1),34),"")}
B45: =IF($Z45="","",IF(INDEX('Quy trinh'!$A$2:$A$300,$Z45)="","",INDEX('Quy trinh'!$A$2:$A$300,$Z45))) | C45: =IF($Z45="","",IF(INDEX('Quy trinh'!$C$2:$C$300,$Z45)="","",INDEX('Quy trinh'!$C$2:$C$300,$Z45))) | G45: =IF($Z45="","",IF(INDEX('Quy trinh'!$F$2:$F$300,$Z45)="","",INDEX('Quy trinh'!$F$2:$F$300,$Z45))) | I45: =IF($Z45="","",IF(INDEX('Quy trinh'!$G$2:$G$300,$Z45)="","",INDEX('Quy trinh'!$G$2:$G$300,$Z45))) | J45: =IF($Z45="","",INDEX('Quy trinh'!$H$2:$H$300,$Z45)/100) | K45: =IF($Z45="","",IF(INDEX('Quy trinh'!$I$2:$I$300,$Z45)="","",INDEX('Quy trinh'!$I$2:$I$300,$Z45))) | Z45: {=IFERROR(SMALL(IF(('Quy trinh'!$E$2:$E$300<>"Yes")*('Quy trinh'!$C$2:$C$300<>""),ROW('Quy trinh'!$A$2:$A$300)-1),35),"")}
B46: =IF($Z46="","",IF(INDEX('Quy trinh'!$A$2:$A$300,$Z46)="","",INDEX('Quy trinh'!$A$2:$A$300,$Z46))) | C46: =IF($Z46="","",IF(INDEX('Quy trinh'!$C$2:$C$300,$Z46)="","",INDEX('Quy trinh'!$C$2:$C$300,$Z46))) | G46: =IF($Z46="","",IF(INDEX('Quy trinh'!$F$2:$F$300,$Z46)="","",INDEX('Quy trinh'!$F$2:$F$300,$Z46))) | I46: =IF($Z46="","",IF(INDEX('Quy trinh'!$G$2:$G$300,$Z46)="","",INDEX('Quy trinh'!$G$2:$G$300,$Z46))) | J46: =IF($Z46="","",INDEX('Quy trinh'!$H$2:$H$300,$Z46)/100) | K46: =IF($Z46="","",IF(INDEX('Quy trinh'!$I$2:$I$300,$Z46)="","",INDEX('Quy trinh'!$I$2:$I$300,$Z46))) | Z46: {=IFERROR(SMALL(IF(('Quy trinh'!$E$2:$E$300<>"Yes")*('Quy trinh'!$C$2:$C$300<>""),ROW('Quy trinh'!$A$2:$A$300)-1),36),"")}
B47: =IF($Z47="","",IF(INDEX('Quy trinh'!$A$2:$A$300,$Z47)="","",INDEX('Quy trinh'!$A$2:$A$300,$Z47))) | C47: =IF($Z47="","",IF(INDEX('Quy trinh'!$C$2:$C$300,$Z47)="","",INDEX('Quy trinh'!$C$2:$C$300,$Z47))) | G47: =IF($Z47="","",IF(INDEX('Quy trinh'!$F$2:$F$300,$Z47)="","",INDEX('Quy trinh'!$F$2:$F$300,$Z47))) | I47: =IF($Z47="","",IF(INDEX('Quy trinh'!$G$2:$G$300,$Z47)="","",INDEX('Quy trinh'!$G$2:$G$300,$Z47))) | J47: =IF($Z47="","",INDEX('Quy trinh'!$H$2:$H$300,$Z47)/100) | K47: =IF($Z47="","",IF(INDEX('Quy trinh'!$I$2:$I$300,$Z47)="","",INDEX('Quy trinh'!$I$2:$I$300,$Z47))) | Z47: {=IFERROR(SMALL(IF(('Quy trinh'!$E$2:$E$300<>"Yes")*('Quy trinh'!$C$2:$C$300<>""),ROW('Quy trinh'!$A$2:$A$300)-1),37),"")}
B48: =IF($Z48="","",IF(INDEX('Quy trinh'!$A$2:$A$300,$Z48)="","",INDEX('Quy trinh'!$A$2:$A$300,$Z48))) | C48: =IF($Z48="","",IF(INDEX('Quy trinh'!$C$2:$C$300,$Z48)="","",INDEX('Quy trinh'!$C$2:$C$300,$Z48))) | G48: =IF($Z48="","",IF(INDEX('Quy trinh'!$F$2:$F$300,$Z48)="","",INDEX('Quy trinh'!$F$2:$F$300,$Z48))) | I48: =IF($Z48="","",IF(INDEX('Quy trinh'!$G$2:$G$300,$Z48)="","",INDEX('Quy trinh'!$G$2:$G$300,$Z48))) | J48: =IF($Z48="","",INDEX('Quy trinh'!$H$2:$H$300,$Z48)/100) | K48: =IF($Z48="","",IF(INDEX('Quy trinh'!$I$2:$I$300,$Z48)="","",INDEX('Quy trinh'!$I$2:$I$300,$Z48))) | Z48: {=IFERROR(SMALL(IF(('Quy trinh'!$E$2:$E$300<>"Yes")*('Quy trinh'!$C$2:$C$300<>""),ROW('Quy trinh'!$A$2:$A$300)-1),38),"")}
B49: =IF($Z49="","",IF(INDEX('Quy trinh'!$A$2:$A$300,$Z49)="","",INDEX('Quy trinh'!$A$2:$A$300,$Z49))) | C49: =IF($Z49="","",IF(INDEX('Quy trinh'!$C$2:$C$300,$Z49)="","",INDEX('Quy trinh'!$C$2:$C$300,$Z49))) | G49: =IF($Z49="","",IF(INDEX('Quy trinh'!$F$2:$F$300,$Z49)="","",INDEX('Quy trinh'!$F$2:$F$300,$Z49))) | I49: =IF($Z49="","",IF(INDEX('Quy trinh'!$G$2:$G$300,$Z49)="","",INDEX('Quy trinh'!$G$2:$G$300,$Z49))) | J49: =IF($Z49="","",INDEX('Quy trinh'!$H$2:$H$300,$Z49)/100) | K49: =IF($Z49="","",IF(INDEX('Quy trinh'!$I$2:$I$300,$Z49)="","",INDEX('Quy trinh'!$I$2:$I$300,$Z49))) | Z49: {=IFERROR(SMALL(IF(('Quy trinh'!$E$2:$E$300<>"Yes")*('Quy trinh'!$C$2:$C$300<>""),ROW('Quy trinh'!$A$2:$A$300)-1),39),"")}
B50: =IF($Z50="","",IF(INDEX('Quy trinh'!$A$2:$A$300,$Z50)="","",INDEX('Quy trinh'!$A$2:$A$300,$Z50))) | C50: =IF($Z50="","",IF(INDEX('Quy trinh'!$C$2:$C$300,$Z50)="","",INDEX('Quy trinh'!$C$2:$C$300,$Z50))) | G50: =IF($Z50="","",IF(INDEX('Quy trinh'!$F$2:$F$300,$Z50)="","",INDEX('Quy trinh'!$F$2:$F$300,$Z50))) | I50: =IF($Z50="","",IF(INDEX('Quy trinh'!$G$2:$G$300,$Z50)="","",INDEX('Quy trinh'!$G$2:$G$300,$Z50))) | J50: =IF($Z50="","",INDEX('Quy trinh'!$H$2:$H$300,$Z50)/100) | K50: =IF($Z50="","",IF(INDEX('Quy trinh'!$I$2:$I$300,$Z50)="","",INDEX('Quy trinh'!$I$2:$I$300,$Z50))) | Z50: {=IFERROR(SMALL(IF(('Quy trinh'!$E$2:$E$300<>"Yes")*('Quy trinh'!$C$2:$C$300<>""),ROW('Quy trinh'!$A$2:$A$300)-1),40),"")}

Sheet Contracts & Permits
B1: ="OPS readiness – report "&TEXT(DATEVALUE('Thong tin'!$A$2),"d mmm yyyy")
B2: Tendering pipeline, packages without PR, applications, logistics and permit register.
B4: PRs in progress by stage | J4: Packages without PR | N4: CMMS (OA) – actual vs plan
B5: Count by schedule status. Stage names must match the "PR dang xu ly" data sheet.
B6: Stage | D6: Late | E6: Near-late | F6: On time | G6: Total | J6: Procurement status | L6: Packages | N6: Package | O6: Actual | P6: Plan | Q6: Gap (pts)
B7: 1 CSP Preparation | D7: =SUMIFS('PR dang xu ly'!$C$2:$C$300,'PR dang xu ly'!$A$2:$A$300,$B7,'PR dang xu ly'!$B$2:$B$300,"Late") | E7: =SUMIFS('PR dang xu ly'!$C$2:$C$300,'PR dang xu ly'!$A$2:$A$300,$B7,'PR dang xu ly'!$B$2:$B$300,"Near-late") | F7: =SUMIFS('PR dang xu ly'!$C$2:$C$300,'PR dang xu ly'!$A$2:$A$300,$B7,'PR dang xu ly'!$B$2:$B$300,"On time") | G7: =SUM(D7:F7) | J7: =IF($Y7="","",IF(INDEX('Goi chua co PR'!$B$2:$B$300,$Y7)="","",INDEX('Goi chua co PR'!$B$2:$B$300,$Y7))) | L7: =IF($Y7="","",IF(INDEX('Goi chua co PR'!$C$2:$C$300,$Y7)="","",INDEX('Goi chua co PR'!$C$2:$C$300,$Y7))) | N7: =IF(INDEX('CMMS'!$A$2:$A$300,1)="","",INDEX('CMMS'!$A$2:$A$300,1)) | O7: =IF(N7="","",INDEX('CMMS'!$B$2:$B$300,1)/100) | P7: =IF(N7="","",INDEX('CMMS'!$C$2:$C$300,1)/100) | Q7: =IF(N7="","",(O7-P7)*100) | Y7: {=IFERROR(SMALL(IF('Goi chua co PR'!$A$2:$A$300="status",ROW('Goi chua co PR'!$A$2:$A$300)-1),1),"")}
B8: 2 CSP Approval | D8: =SUMIFS('PR dang xu ly'!$C$2:$C$300,'PR dang xu ly'!$A$2:$A$300,$B8,'PR dang xu ly'!$B$2:$B$300,"Late") | E8: =SUMIFS('PR dang xu ly'!$C$2:$C$300,'PR dang xu ly'!$A$2:$A$300,$B8,'PR dang xu ly'!$B$2:$B$300,"Near-late") | F8: =SUMIFS('PR dang xu ly'!$C$2:$C$300,'PR dang xu ly'!$A$2:$A$300,$B8,'PR dang xu ly'!$B$2:$B$300,"On time") | G8: =SUM(D8:F8) | J8: =IF($Y8="","",IF(INDEX('Goi chua co PR'!$B$2:$B$300,$Y8)="","",INDEX('Goi chua co PR'!$B$2:$B$300,$Y8))) | L8: =IF($Y8="","",IF(INDEX('Goi chua co PR'!$C$2:$C$300,$Y8)="","",INDEX('Goi chua co PR'!$C$2:$C$300,$Y8))) | N8: =IF(INDEX('CMMS'!$A$2:$A$300,2)="","",INDEX('CMMS'!$A$2:$A$300,2)) | O8: =IF(N8="","",INDEX('CMMS'!$B$2:$B$300,2)/100) | P8: =IF(N8="","",INDEX('CMMS'!$C$2:$C$300,2)/100) | Q8: =IF(N8="","",(O8-P8)*100) | Y8: {=IFERROR(SMALL(IF('Goi chua co PR'!$A$2:$A$300="status",ROW('Goi chua co PR'!$A$2:$A$300)-1),2),"")}
B9: 3 Bidding | D9: =SUMIFS('PR dang xu ly'!$C$2:$C$300,'PR dang xu ly'!$A$2:$A$300,$B9,'PR dang xu ly'!$B$2:$B$300,"Late") | E9: =SUMIFS('PR dang xu ly'!$C$2:$C$300,'PR dang xu ly'!$A$2:$A$300,$B9,'PR dang xu ly'!$B$2:$B$300,"Near-late") | F9: =SUMIFS('PR dang xu ly'!$C$2:$C$300,'PR dang xu ly'!$A$2:$A$300,$B9,'PR dang xu ly'!$B$2:$B$300,"On time") | G9: =SUM(D9:F9) | J9: =IF($Y9="","",IF(INDEX('Goi chua co PR'!$B$2:$B$300,$Y9)="","",INDEX('Goi chua co PR'!$B$2:$B$300,$Y9))) | L9: =IF($Y9="","",IF(INDEX('Goi chua co PR'!$C$2:$C$300,$Y9)="","",INDEX('Goi chua co PR'!$C$2:$C$300,$Y9))) | N9: =IF(INDEX('CMMS'!$A$2:$A$300,3)="","",INDEX('CMMS'!$A$2:$A$300,3)) | O9: =IF(N9="","",INDEX('CMMS'!$B$2:$B$300,3)/100) | P9: =IF(N9="","",INDEX('CMMS'!$C$2:$C$300,3)/100) | Q9: =IF(N9="","",(O9-P9)*100) | Y9: {=IFERROR(SMALL(IF('Goi chua co PR'!$A$2:$A$300="status",ROW('Goi chua co PR'!$A$2:$A$300)-1),3),"")}
B10: 4 Evaluation | D10: =SUMIFS('PR dang xu ly'!$C$2:$C$300,'PR dang xu ly'!$A$2:$A$300,$B10,'PR dang xu ly'!$B$2:$B$300,"Late") | E10: =SUMIFS('PR dang xu ly'!$C$2:$C$300,'PR dang xu ly'!$A$2:$A$300,$B10,'PR dang xu ly'!$B$2:$B$300,"Near-late") | F10: =SUMIFS('PR dang xu ly'!$C$2:$C$300,'PR dang xu ly'!$A$2:$A$300,$B10,'PR dang xu ly'!$B$2:$B$300,"On time") | G10: =SUM(D10:F10) | J10: =IF($Y10="","",IF(INDEX('Goi chua co PR'!$B$2:$B$300,$Y10)="","",INDEX('Goi chua co PR'!$B$2:$B$300,$Y10))) | L10: =IF($Y10="","",IF(INDEX('Goi chua co PR'!$C$2:$C$300,$Y10)="","",INDEX('Goi chua co PR'!$C$2:$C$300,$Y10))) | N10: =IF(INDEX('CMMS'!$A$2:$A$300,4)="","",INDEX('CMMS'!$A$2:$A$300,4)) | O10: =IF(N10="","",INDEX('CMMS'!$B$2:$B$300,4)/100) | P10: =IF(N10="","",INDEX('CMMS'!$C$2:$C$300,4)/100) | Q10: =IF(N10="","",(O10-P10)*100) | Y10: {=IFERROR(SMALL(IF('Goi chua co PR'!$A$2:$A$300="status",ROW('Goi chua co PR'!$A$2:$A$300)-1),4),"")}
B11: 5 TCEAR Approval | D11: =SUMIFS('PR dang xu ly'!$C$2:$C$300,'PR dang xu ly'!$A$2:$A$300,$B11,'PR dang xu ly'!$B$2:$B$300,"Late") | E11: =SUMIFS('PR dang xu ly'!$C$2:$C$300,'PR dang xu ly'!$A$2:$A$300,$B11,'PR dang xu ly'!$B$2:$B$300,"Near-late") | F11: =SUMIFS('PR dang xu ly'!$C$2:$C$300,'PR dang xu ly'!$A$2:$A$300,$B11,'PR dang xu ly'!$B$2:$B$300,"On time") | G11: =SUM(D11:F11) | J11: =IF($Y11="","",IF(INDEX('Goi chua co PR'!$B$2:$B$300,$Y11)="","",INDEX('Goi chua co PR'!$B$2:$B$300,$Y11))) | L11: =IF($Y11="","",IF(INDEX('Goi chua co PR'!$C$2:$C$300,$Y11)="","",INDEX('Goi chua co PR'!$C$2:$C$300,$Y11))) | Y11: {=IFERROR(SMALL(IF('Goi chua co PR'!$A$2:$A$300="status",ROW('Goi chua co PR'!$A$2:$A$300)-1),5),"")}
B12: 6 Contract Signing | D12: =SUMIFS('PR dang xu ly'!$C$2:$C$300,'PR dang xu ly'!$A$2:$A$300,$B12,'PR dang xu ly'!$B$2:$B$300,"Late") | E12: =SUMIFS('PR dang xu ly'!$C$2:$C$300,'PR dang xu ly'!$A$2:$A$300,$B12,'PR dang xu ly'!$B$2:$B$300,"Near-late") | F12: =SUMIFS('PR dang xu ly'!$C$2:$C$300,'PR dang xu ly'!$A$2:$A$300,$B12,'PR dang xu ly'!$B$2:$B$300,"On time") | G12: =SUM(D12:F12)
J13: Priority | L13: Packages
J14: =IF($Y14="","",IF(INDEX('Goi chua co PR'!$B$2:$B$300,$Y14)="","",INDEX('Goi chua co PR'!$B$2:$B$300,$Y14))) | L14: =IF($Y14="","",IF(INDEX('Goi chua co PR'!$C$2:$C$300,$Y14)="","",INDEX('Goi chua co PR'!$C$2:$C$300,$Y14))) | Y14: {=IFERROR(SMALL(IF('Goi chua co PR'!$A$2:$A$300="priority",ROW('Goi chua co PR'!$A$2:$A$300)-1),1),"")}
J15: =IF($Y15="","",IF(INDEX('Goi chua co PR'!$B$2:$B$300,$Y15)="","",INDEX('Goi chua co PR'!$B$2:$B$300,$Y15))) | L15: =IF($Y15="","",IF(INDEX('Goi chua co PR'!$C$2:$C$300,$Y15)="","",INDEX('Goi chua co PR'!$C$2:$C$300,$Y15))) | Y15: {=IFERROR(SMALL(IF('Goi chua co PR'!$A$2:$A$300="priority",ROW('Goi chua co PR'!$A$2:$A$300)-1),2),"")}
J16: =IF($Y16="","",IF(INDEX('Goi chua co PR'!$B$2:$B$300,$Y16)="","",INDEX('Goi chua co PR'!$B$2:$B$300,$Y16))) | L16: =IF($Y16="","",IF(INDEX('Goi chua co PR'!$C$2:$C$300,$Y16)="","",INDEX('Goi chua co PR'!$C$2:$C$300,$Y16))) | Y16: {=IFERROR(SMALL(IF('Goi chua co PR'!$A$2:$A$300="priority",ROW('Goi chua co PR'!$A$2:$A$300)-1),3),"")}
J17: =IF($Y17="","",IF(INDEX('Goi chua co PR'!$B$2:$B$300,$Y17)="","",INDEX('Goi chua co PR'!$B$2:$B$300,$Y17))) | L17: =IF($Y17="","",IF(INDEX('Goi chua co PR'!$C$2:$C$300,$Y17)="","",INDEX('Goi chua co PR'!$C$2:$C$300,$Y17))) | Y17: {=IFERROR(SMALL(IF('Goi chua co PR'!$A$2:$A$300="priority",ROW('Goi chua co PR'!$A$2:$A$300)-1),4),"")}
J18: =IF($Y18="","",IF(INDEX('Goi chua co PR'!$B$2:$B$300,$Y18)="","",INDEX('Goi chua co PR'!$B$2:$B$300,$Y18))) | L18: =IF($Y18="","",IF(INDEX('Goi chua co PR'!$C$2:$C$300,$Y18)="","",INDEX('Goi chua co PR'!$C$2:$C$300,$Y18))) | Y18: {=IFERROR(SMALL(IF('Goi chua co PR'!$A$2:$A$300="priority",ROW('Goi chua co PR'!$A$2:$A$300)-1),5),"")}
J20: Expected SCR | L20: Packages
J21: =IF($Y21="","",IF(INDEX('Goi chua co PR'!$B$2:$B$300,$Y21)="","",INDEX('Goi chua co PR'!$B$2:$B$300,$Y21))) | L21: =IF($Y21="","",IF(INDEX('Goi chua co PR'!$C$2:$C$300,$Y21)="","",INDEX('Goi chua co PR'!$C$2:$C$300,$Y21))) | Y21: {=IFERROR(SMALL(IF('Goi chua co PR'!$A$2:$A$300="scr_timing",ROW('Goi chua co PR'!$A$2:$A$300)-1),1),"")}
J22: =IF($Y22="","",IF(INDEX('Goi chua co PR'!$B$2:$B$300,$Y22)="","",INDEX('Goi chua co PR'!$B$2:$B$300,$Y22))) | L22: =IF($Y22="","",IF(INDEX('Goi chua co PR'!$C$2:$C$300,$Y22)="","",INDEX('Goi chua co PR'!$C$2:$C$300,$Y22))) | Y22: {=IFERROR(SMALL(IF('Goi chua co PR'!$A$2:$A$300="scr_timing",ROW('Goi chua co PR'!$A$2:$A$300)-1),2),"")}
J23: =IF($Y23="","",IF(INDEX('Goi chua co PR'!$B$2:$B$300,$Y23)="","",INDEX('Goi chua co PR'!$B$2:$B$300,$Y23))) | L23: =IF($Y23="","",IF(INDEX('Goi chua co PR'!$C$2:$C$300,$Y23)="","",INDEX('Goi chua co PR'!$C$2:$C$300,$Y23))) | Y23: {=IFERROR(SMALL(IF('Goi chua co PR'!$A$2:$A$300="scr_timing",ROW('Goi chua co PR'!$A$2:$A$300)-1),3),"")}
J24: =IF($Y24="","",IF(INDEX('Goi chua co PR'!$B$2:$B$300,$Y24)="","",INDEX('Goi chua co PR'!$B$2:$B$300,$Y24))) | L24: =IF($Y24="","",IF(INDEX('Goi chua co PR'!$C$2:$C$300,$Y24)="","",INDEX('Goi chua co PR'!$C$2:$C$300,$Y24))) | Y24: {=IFERROR(SMALL(IF('Goi chua co PR'!$A$2:$A$300="scr_timing",ROW('Goi chua co PR'!$A$2:$A$300)-1),4),"")}
J25: =IF($Y25="","",IF(INDEX('Goi chua co PR'!$B$2:$B$300,$Y25)="","",INDEX('Goi chua co PR'!$B$2:$B$300,$Y25))) | L25: =IF($Y25="","",IF(INDEX('Goi chua co PR'!$C$2:$C$300,$Y25)="","",INDEX('Goi chua co PR'!$C$2:$C$300,$Y25))) | Y25: {=IFERROR(SMALL(IF('Goi chua co PR'!$A$2:$A$300="scr_timing",ROW('Goi chua co PR'!$A$2:$A$300)-1),5),"")}
B28: Applications | K28: Logistics, services & coordination
B30: Item | D30: Status | K30: Item | M30: Status
B31: =IF($Z31="","",IF(INDEX('Trang thai cong viec'!$B$2:$B$300,$Z31)="","",INDEX('Trang thai cong viec'!$B$2:$B$300,$Z31))) | D31: =IF($Z31="","",IF(INDEX('Trang thai cong viec'!$C$2:$C$300,$Z31)="","",INDEX('Trang thai cong viec'!$C$2:$C$300,$Z31))) | K31: =IF($X31="","",IF(INDEX('Trang thai cong viec'!$B$2:$B$300,$X31)="","",INDEX('Trang thai cong viec'!$B$2:$B$300,$X31))) | M31: =IF($X31="","",IF(INDEX('Trang thai cong viec'!$C$2:$C$300,$X31)="","",INDEX('Trang thai cong viec'!$C$2:$C$300,$X31))) | X31: {=IFERROR(SMALL(IF((('Trang thai cong viec'!$A$2:$A$300="Logistics & services")+('Trang thai cong viec'!$A$2:$A$300="Coordination"))>0,ROW('Trang thai cong viec'!$A$2:$A$300)-1),1),"")} | Z31: {=IFERROR(SMALL(IF((('Trang thai cong viec'!$A$2:$A$300="Applications"))>0,ROW('Trang thai cong viec'!$A$2:$A$300)-1),1),"")}
B32: =IF($Z32="","",IF(INDEX('Trang thai cong viec'!$B$2:$B$300,$Z32)="","",INDEX('Trang thai cong viec'!$B$2:$B$300,$Z32))) | D32: =IF($Z32="","",IF(INDEX('Trang thai cong viec'!$C$2:$C$300,$Z32)="","",INDEX('Trang thai cong viec'!$C$2:$C$300,$Z32))) | K32: =IF($X32="","",IF(INDEX('Trang thai cong viec'!$B$2:$B$300,$X32)="","",INDEX('Trang thai cong viec'!$B$2:$B$300,$X32))) | M32: =IF($X32="","",IF(INDEX('Trang thai cong viec'!$C$2:$C$300,$X32)="","",INDEX('Trang thai cong viec'!$C$2:$C$300,$X32))) | X32: {=IFERROR(SMALL(IF((('Trang thai cong viec'!$A$2:$A$300="Logistics & services")+('Trang thai cong viec'!$A$2:$A$300="Coordination"))>0,ROW('Trang thai cong viec'!$A$2:$A$300)-1),2),"")} | Z32: {=IFERROR(SMALL(IF((('Trang thai cong viec'!$A$2:$A$300="Applications"))>0,ROW('Trang thai cong viec'!$A$2:$A$300)-1),2),"")}
B33: =IF($Z33="","",IF(INDEX('Trang thai cong viec'!$B$2:$B$300,$Z33)="","",INDEX('Trang thai cong viec'!$B$2:$B$300,$Z33))) | D33: =IF($Z33="","",IF(INDEX('Trang thai cong viec'!$C$2:$C$300,$Z33)="","",INDEX('Trang thai cong viec'!$C$2:$C$300,$Z33))) | K33: =IF($X33="","",IF(INDEX('Trang thai cong viec'!$B$2:$B$300,$X33)="","",INDEX('Trang thai cong viec'!$B$2:$B$300,$X33))) | M33: =IF($X33="","",IF(INDEX('Trang thai cong viec'!$C$2:$C$300,$X33)="","",INDEX('Trang thai cong viec'!$C$2:$C$300,$X33))) | X33: {=IFERROR(SMALL(IF((('Trang thai cong viec'!$A$2:$A$300="Logistics & services")+('Trang thai cong viec'!$A$2:$A$300="Coordination"))>0,ROW('Trang thai cong viec'!$A$2:$A$300)-1),3),"")} | Z33: {=IFERROR(SMALL(IF((('Trang thai cong viec'!$A$2:$A$300="Applications"))>0,ROW('Trang thai cong viec'!$A$2:$A$300)-1),3),"")}
B34: =IF($Z34="","",IF(INDEX('Trang thai cong viec'!$B$2:$B$300,$Z34)="","",INDEX('Trang thai cong viec'!$B$2:$B$300,$Z34))) | D34: =IF($Z34="","",IF(INDEX('Trang thai cong viec'!$C$2:$C$300,$Z34)="","",INDEX('Trang thai cong viec'!$C$2:$C$300,$Z34))) | K34: =IF($X34="","",IF(INDEX('Trang thai cong viec'!$B$2:$B$300,$X34)="","",INDEX('Trang thai cong viec'!$B$2:$B$300,$X34))) | M34: =IF($X34="","",IF(INDEX('Trang thai cong viec'!$C$2:$C$300,$X34)="","",INDEX('Trang thai cong viec'!$C$2:$C$300,$X34))) | X34: {=IFERROR(SMALL(IF((('Trang thai cong viec'!$A$2:$A$300="Logistics & services")+('Trang thai cong viec'!$A$2:$A$300="Coordination"))>0,ROW('Trang thai cong viec'!$A$2:$A$300)-1),4),"")} | Z34: {=IFERROR(SMALL(IF((('Trang thai cong viec'!$A$2:$A$300="Applications"))>0,ROW('Trang thai cong viec'!$A$2:$A$300)-1),4),"")}
B35: =IF($Z35="","",IF(INDEX('Trang thai cong viec'!$B$2:$B$300,$Z35)="","",INDEX('Trang thai cong viec'!$B$2:$B$300,$Z35))) | D35: =IF($Z35="","",IF(INDEX('Trang thai cong viec'!$C$2:$C$300,$Z35)="","",INDEX('Trang thai cong viec'!$C$2:$C$300,$Z35))) | K35: =IF($X35="","",IF(INDEX('Trang thai cong viec'!$B$2:$B$300,$X35)="","",INDEX('Trang thai cong viec'!$B$2:$B$300,$X35))) | M35: =IF($X35="","",IF(INDEX('Trang thai cong viec'!$C$2:$C$300,$X35)="","",INDEX('Trang thai cong viec'!$C$2:$C$300,$X35))) | X35: {=IFERROR(SMALL(IF((('Trang thai cong viec'!$A$2:$A$300="Logistics & services")+('Trang thai cong viec'!$A$2:$A$300="Coordination"))>0,ROW('Trang thai cong viec'!$A$2:$A$300)-1),5),"")} | Z35: {=IFERROR(SMALL(IF((('Trang thai cong viec'!$A$2:$A$300="Applications"))>0,ROW('Trang thai cong viec'!$A$2:$A$300)-1),5),"")}
B36: =IF($Z36="","",IF(INDEX('Trang thai cong viec'!$B$2:$B$300,$Z36)="","",INDEX('Trang thai cong viec'!$B$2:$B$300,$Z36))) | D36: =IF($Z36="","",IF(INDEX('Trang thai cong viec'!$C$2:$C$300,$Z36)="","",INDEX('Trang thai cong viec'!$C$2:$C$300,$Z36))) | K36: =IF($X36="","",IF(INDEX('Trang thai cong viec'!$B$2:$B$300,$X36)="","",INDEX('Trang thai cong viec'!$B$2:$B$300,$X36))) | M36: =IF($X36="","",IF(INDEX('Trang thai cong viec'!$C$2:$C$300,$X36)="","",INDEX('Trang thai cong viec'!$C$2:$C$300,$X36))) | X36: {=IFERROR(SMALL(IF((('Trang thai cong viec'!$A$2:$A$300="Logistics & services")+('Trang thai cong viec'!$A$2:$A$300="Coordination"))>0,ROW('Trang thai cong viec'!$A$2:$A$300)-1),6),"")} | Z36: {=IFERROR(SMALL(IF((('Trang thai cong viec'!$A$2:$A$300="Applications"))>0,ROW('Trang thai cong viec'!$A$2:$A$300)-1),6),"")}
B37: =IF($Z37="","",IF(INDEX('Trang thai cong viec'!$B$2:$B$300,$Z37)="","",INDEX('Trang thai cong viec'!$B$2:$B$300,$Z37))) | D37: =IF($Z37="","",IF(INDEX('Trang thai cong viec'!$C$2:$C$300,$Z37)="","",INDEX('Trang thai cong viec'!$C$2:$C$300,$Z37))) | K37: =IF($X37="","",IF(INDEX('Trang thai cong viec'!$B$2:$B$300,$X37)="","",INDEX('Trang thai cong viec'!$B$2:$B$300,$X37))) | M37: =IF($X37="","",IF(INDEX('Trang thai cong viec'!$C$2:$C$300,$X37)="","",INDEX('Trang thai cong viec'!$C$2:$C$300,$X37))) | X37: {=IFERROR(SMALL(IF((('Trang thai cong viec'!$A$2:$A$300="Logistics & services")+('Trang thai cong viec'!$A$2:$A$300="Coordination"))>0,ROW('Trang thai cong viec'!$A$2:$A$300)-1),7),"")} | Z37: {=IFERROR(SMALL(IF((('Trang thai cong viec'!$A$2:$A$300="Applications"))>0,ROW('Trang thai cong viec'!$A$2:$A$300)-1),7),"")}
B38: =IF($Z38="","",IF(INDEX('Trang thai cong viec'!$B$2:$B$300,$Z38)="","",INDEX('Trang thai cong viec'!$B$2:$B$300,$Z38))) | D38: =IF($Z38="","",IF(INDEX('Trang thai cong viec'!$C$2:$C$300,$Z38)="","",INDEX('Trang thai cong viec'!$C$2:$C$300,$Z38))) | K38: =IF($X38="","",IF(INDEX('Trang thai cong viec'!$B$2:$B$300,$X38)="","",INDEX('Trang thai cong viec'!$B$2:$B$300,$X38))) | M38: =IF($X38="","",IF(INDEX('Trang thai cong viec'!$C$2:$C$300,$X38)="","",INDEX('Trang thai cong viec'!$C$2:$C$300,$X38))) | X38: {=IFERROR(SMALL(IF((('Trang thai cong viec'!$A$2:$A$300="Logistics & services")+('Trang thai cong viec'!$A$2:$A$300="Coordination"))>0,ROW('Trang thai cong viec'!$A$2:$A$300)-1),8),"")} | Z38: {=IFERROR(SMALL(IF((('Trang thai cong viec'!$A$2:$A$300="Applications"))>0,ROW('Trang thai cong viec'!$A$2:$A$300)-1),8),"")}
K39: =IF($X39="","",IF(INDEX('Trang thai cong viec'!$B$2:$B$300,$X39)="","",INDEX('Trang thai cong viec'!$B$2:$B$300,$X39))) | M39: =IF($X39="","",IF(INDEX('Trang thai cong viec'!$C$2:$C$300,$X39)="","",INDEX('Trang thai cong viec'!$C$2:$C$300,$X39))) | X39: {=IFERROR(SMALL(IF((('Trang thai cong viec'!$A$2:$A$300="Logistics & services")+('Trang thai cong viec'!$A$2:$A$300="Coordination"))>0,ROW('Trang thai cong viec'!$A$2:$A$300)-1),9),"")}
K40: =IF($X40="","",IF(INDEX('Trang thai cong viec'!$B$2:$B$300,$X40)="","",INDEX('Trang thai cong viec'!$B$2:$B$300,$X40))) | M40: =IF($X40="","",IF(INDEX('Trang thai cong viec'!$C$2:$C$300,$X40)="","",INDEX('Trang thai cong viec'!$C$2:$C$300,$X40))) | X40: {=IFERROR(SMALL(IF((('Trang thai cong viec'!$A$2:$A$300="Logistics & services")+('Trang thai cong viec'!$A$2:$A$300="Coordination"))>0,ROW('Trang thai cong viec'!$A$2:$A$300)-1),10),"")}
B42: Offshore platform permit register
B43: Red: waiting · amber: temporary · green: issued.
B44: Permit | F44: Applies to | H44: Authority | J44: Issued | K44: Expires | L44: Renew by | M44: Status
B45: =IF(INDEX('Giay phep'!$A$2:$A$300,1)="","",INDEX('Giay phep'!$A$2:$A$300,1)) | F45: =IF(INDEX('Giay phep'!$B$2:$B$300,1)="","",INDEX('Giay phep'!$B$2:$B$300,1)) | H45: =IF(INDEX('Giay phep'!$C$2:$C$300,1)="","",INDEX('Giay phep'!$C$2:$C$300,1)) | J45: =IF(INDEX('Giay phep'!$D$2:$D$300,1)="","",INDEX('Giay phep'!$D$2:$D$300,1)) | K45: =IF(INDEX('Giay phep'!$E$2:$E$300,1)="","",INDEX('Giay phep'!$E$2:$E$300,1)) | L45: =IF(INDEX('Giay phep'!$F$2:$F$300,1)="","",INDEX('Giay phep'!$F$2:$F$300,1)) | M45: =IF(INDEX('Giay phep'!$G$2:$G$300,1)="","",INDEX('Giay phep'!$G$2:$G$300,1))
B46: =IF(INDEX('Giay phep'!$A$2:$A$300,2)="","",INDEX('Giay phep'!$A$2:$A$300,2)) | F46: =IF(INDEX('Giay phep'!$B$2:$B$300,2)="","",INDEX('Giay phep'!$B$2:$B$300,2)) | H46: =IF(INDEX('Giay phep'!$C$2:$C$300,2)="","",INDEX('Giay phep'!$C$2:$C$300,2)) | J46: =IF(INDEX('Giay phep'!$D$2:$D$300,2)="","",INDEX('Giay phep'!$D$2:$D$300,2)) | K46: =IF(INDEX('Giay phep'!$E$2:$E$300,2)="","",INDEX('Giay phep'!$E$2:$E$300,2)) | L46: =IF(INDEX('Giay phep'!$F$2:$F$300,2)="","",INDEX('Giay phep'!$F$2:$F$300,2)) | M46: =IF(INDEX('Giay phep'!$G$2:$G$300,2)="","",INDEX('Giay phep'!$G$2:$G$300,2))
B47: =IF(INDEX('Giay phep'!$A$2:$A$300,3)="","",INDEX('Giay phep'!$A$2:$A$300,3)) | F47: =IF(INDEX('Giay phep'!$B$2:$B$300,3)="","",INDEX('Giay phep'!$B$2:$B$300,3)) | H47: =IF(INDEX('Giay phep'!$C$2:$C$300,3)="","",INDEX('Giay phep'!$C$2:$C$300,3)) | J47: =IF(INDEX('Giay phep'!$D$2:$D$300,3)="","",INDEX('Giay phep'!$D$2:$D$300,3)) | K47: =IF(INDEX('Giay phep'!$E$2:$E$300,3)="","",INDEX('Giay phep'!$E$2:$E$300,3)) | L47: =IF(INDEX('Giay phep'!$F$2:$F$300,3)="","",INDEX('Giay phep'!$F$2:$F$300,3)) | M47: =IF(INDEX('Giay phep'!$G$2:$G$300,3)="","",INDEX('Giay phep'!$G$2:$G$300,3))
B48: =IF(INDEX('Giay phep'!$A$2:$A$300,4)="","",INDEX('Giay phep'!$A$2:$A$300,4)) | F48: =IF(INDEX('Giay phep'!$B$2:$B$300,4)="","",INDEX('Giay phep'!$B$2:$B$300,4)) | H48: =IF(INDEX('Giay phep'!$C$2:$C$300,4)="","",INDEX('Giay phep'!$C$2:$C$300,4)) | J48: =IF(INDEX('Giay phep'!$D$2:$D$300,4)="","",INDEX('Giay phep'!$D$2:$D$300,4)) | K48: =IF(INDEX('Giay phep'!$E$2:$E$300,4)="","",INDEX('Giay phep'!$E$2:$E$300,4)) | L48: =IF(INDEX('Giay phep'!$F$2:$F$300,4)="","",INDEX('Giay phep'!$F$2:$F$300,4)) | M48: =IF(INDEX('Giay phep'!$G$2:$G$300,4)="","",INDEX('Giay phep'!$G$2:$G$300,4))
B49: =IF(INDEX('Giay phep'!$A$2:$A$300,5)="","",INDEX('Giay phep'!$A$2:$A$300,5)) | F49: =IF(INDEX('Giay phep'!$B$2:$B$300,5)="","",INDEX('Giay phep'!$B$2:$B$300,5)) | H49: =IF(INDEX('Giay phep'!$C$2:$C$300,5)="","",INDEX('Giay phep'!$C$2:$C$300,5)) | J49: =IF(INDEX('Giay phep'!$D$2:$D$300,5)="","",INDEX('Giay phep'!$D$2:$D$300,5)) | K49: =IF(INDEX('Giay phep'!$E$2:$E$300,5)="","",INDEX('Giay phep'!$E$2:$E$300,5)) | L49: =IF(INDEX('Giay phep'!$F$2:$F$300,5)="","",INDEX('Giay phep'!$F$2:$F$300,5)) | M49: =IF(INDEX('Giay phep'!$G$2:$G$300,5)="","",INDEX('Giay phep'!$G$2:$G$300,5))
B50: =IF(INDEX('Giay phep'!$A$2:$A$300,6)="","",INDEX('Giay phep'!$A$2:$A$300,6)) | F50: =IF(INDEX('Giay phep'!$B$2:$B$300,6)="","",INDEX('Giay phep'!$B$2:$B$300,6)) | H50: =IF(INDEX('Giay phep'!$C$2:$C$300,6)="","",INDEX('Giay phep'!$C$2:$C$300,6)) | J50: =IF(INDEX('Giay phep'!$D$2:$D$300,6)="","",INDEX('Giay phep'!$D$2:$D$300,6)) | K50: =IF(INDEX('Giay phep'!$E$2:$E$300,6)="","",INDEX('Giay phep'!$E$2:$E$300,6)) | L50: =IF(INDEX('Giay phep'!$F$2:$F$300,6)="","",INDEX('Giay phep'!$F$2:$F$300,6)) | M50: =IF(INDEX('Giay phep'!$G$2:$G$300,6)="","",INDEX('Giay phep'!$G$2:$G$300,6))
B51: =IF(INDEX('Giay phep'!$A$2:$A$300,7)="","",INDEX('Giay phep'!$A$2:$A$300,7)) | F51: =IF(INDEX('Giay phep'!$B$2:$B$300,7)="","",INDEX('Giay phep'!$B$2:$B$300,7)) | H51: =IF(INDEX('Giay phep'!$C$2:$C$300,7)="","",INDEX('Giay phep'!$C$2:$C$300,7)) | J51: =IF(INDEX('Giay phep'!$D$2:$D$300,7)="","",INDEX('Giay phep'!$D$2:$D$300,7)) | K51: =IF(INDEX('Giay phep'!$E$2:$E$300,7)="","",INDEX('Giay phep'!$E$2:$E$300,7)) | L51: =IF(INDEX('Giay phep'!$F$2:$F$300,7)="","",INDEX('Giay phep'!$F$2:$F$300,7)) | M51: =IF(INDEX('Giay phep'!$G$2:$G$300,7)="","",INDEX('Giay phep'!$G$2:$G$300,7))
B52: =IF(INDEX('Giay phep'!$A$2:$A$300,8)="","",INDEX('Giay phep'!$A$2:$A$300,8)) | F52: =IF(INDEX('Giay phep'!$B$2:$B$300,8)="","",INDEX('Giay phep'!$B$2:$B$300,8)) | H52: =IF(INDEX('Giay phep'!$C$2:$C$300,8)="","",INDEX('Giay phep'!$C$2:$C$300,8)) | J52: =IF(INDEX('Giay phep'!$D$2:$D$300,8)="","",INDEX('Giay phep'!$D$2:$D$300,8)) | K52: =IF(INDEX('Giay phep'!$E$2:$E$300,8)="","",INDEX('Giay phep'!$E$2:$E$300,8)) | L52: =IF(INDEX('Giay phep'!$F$2:$F$300,8)="","",INDEX('Giay phep'!$F$2:$F$300,8)) | M52: =IF(INDEX('Giay phep'!$G$2:$G$300,8)="","",INDEX('Giay phep'!$G$2:$G$300,8))
B53: =IF(INDEX('Giay phep'!$A$2:$A$300,9)="","",INDEX('Giay phep'!$A$2:$A$300,9)) | F53: =IF(INDEX('Giay phep'!$B$2:$B$300,9)="","",INDEX('Giay phep'!$B$2:$B$300,9)) | H53: =IF(INDEX('Giay phep'!$C$2:$C$300,9)="","",INDEX('Giay phep'!$C$2:$C$300,9)) | J53: =IF(INDEX('Giay phep'!$D$2:$D$300,9)="","",INDEX('Giay phep'!$D$2:$D$300,9)) | K53: =IF(INDEX('Giay phep'!$E$2:$E$300,9)="","",INDEX('Giay phep'!$E$2:$E$300,9)) | L53: =IF(INDEX('Giay phep'!$F$2:$F$300,9)="","",INDEX('Giay phep'!$F$2:$F$300,9)) | M53: =IF(INDEX('Giay phep'!$G$2:$G$300,9)="","",INDEX('Giay phep'!$G$2:$G$300,9))
B54: =IF(INDEX('Giay phep'!$A$2:$A$300,10)="","",INDEX('Giay phep'!$A$2:$A$300,10)) | F54: =IF(INDEX('Giay phep'!$B$2:$B$300,10)="","",INDEX('Giay phep'!$B$2:$B$300,10)) | H54: =IF(INDEX('Giay phep'!$C$2:$C$300,10)="","",INDEX('Giay phep'!$C$2:$C$300,10)) | J54: =IF(INDEX('Giay phep'!$D$2:$D$300,10)="","",INDEX('Giay phep'!$D$2:$D$300,10)) | K54: =IF(INDEX('Giay phep'!$E$2:$E$300,10)="","",INDEX('Giay phep'!$E$2:$E$300,10)) | L54: =IF(INDEX('Giay phep'!$F$2:$F$300,10)="","",INDEX('Giay phep'!$F$2:$F$300,10)) | M54: =IF(INDEX('Giay phep'!$G$2:$G$300,10)="","",INDEX('Giay phep'!$G$2:$G$300,10))
B55: =IF(INDEX('Giay phep'!$A$2:$A$300,11)="","",INDEX('Giay phep'!$A$2:$A$300,11)) | F55: =IF(INDEX('Giay phep'!$B$2:$B$300,11)="","",INDEX('Giay phep'!$B$2:$B$300,11)) | H55: =IF(INDEX('Giay phep'!$C$2:$C$300,11)="","",INDEX('Giay phep'!$C$2:$C$300,11)) | J55: =IF(INDEX('Giay phep'!$D$2:$D$300,11)="","",INDEX('Giay phep'!$D$2:$D$300,11)) | K55: =IF(INDEX('Giay phep'!$E$2:$E$300,11)="","",INDEX('Giay phep'!$E$2:$E$300,11)) | L55: =IF(INDEX('Giay phep'!$F$2:$F$300,11)="","",INDEX('Giay phep'!$F$2:$F$300,11)) | M55: =IF(INDEX('Giay phep'!$G$2:$G$300,11)="","",INDEX('Giay phep'!$G$2:$G$300,11))
B56: =IF(INDEX('Giay phep'!$A$2:$A$300,12)="","",INDEX('Giay phep'!$A$2:$A$300,12)) | F56: =IF(INDEX('Giay phep'!$B$2:$B$300,12)="","",INDEX('Giay phep'!$B$2:$B$300,12)) | H56: =IF(INDEX('Giay phep'!$C$2:$C$300,12)="","",INDEX('Giay phep'!$C$2:$C$300,12)) | J56: =IF(INDEX('Giay phep'!$D$2:$D$300,12)="","",INDEX('Giay phep'!$D$2:$D$300,12)) | K56: =IF(INDEX('Giay phep'!$E$2:$E$300,12)="","",INDEX('Giay phep'!$E$2:$E$300,12)) | L56: =IF(INDEX('Giay phep'!$F$2:$F$300,12)="","",INDEX('Giay phep'!$F$2:$F$300,12)) | M56: =IF(INDEX('Giay phep'!$G$2:$G$300,12)="","",INDEX('Giay phep'!$G$2:$G$300,12))
B57: =IF(INDEX('Giay phep'!$A$2:$A$300,13)="","",INDEX('Giay phep'!$A$2:$A$300,13)) | F57: =IF(INDEX('Giay phep'!$B$2:$B$300,13)="","",INDEX('Giay phep'!$B$2:$B$300,13)) | H57: =IF(INDEX('Giay phep'!$C$2:$C$300,13)="","",INDEX('Giay phep'!$C$2:$C$300,13)) | J57: =IF(INDEX('Giay phep'!$D$2:$D$300,13)="","",INDEX('Giay phep'!$D$2:$D$300,13)) | K57: =IF(INDEX('Giay phep'!$E$2:$E$300,13)="","",INDEX('Giay phep'!$E$2:$E$300,13)) | L57: =IF(INDEX('Giay phep'!$F$2:$F$300,13)="","",INDEX('Giay phep'!$F$2:$F$300,13)) | M57: =IF(INDEX('Giay phep'!$G$2:$G$300,13)="","",INDEX('Giay phep'!$G$2:$G$300,13))
B58: =IF(INDEX('Giay phep'!$A$2:$A$300,14)="","",INDEX('Giay phep'!$A$2:$A$300,14)) | F58: =IF(INDEX('Giay phep'!$B$2:$B$300,14)="","",INDEX('Giay phep'!$B$2:$B$300,14)) | H58: =IF(INDEX('Giay phep'!$C$2:$C$300,14)="","",INDEX('Giay phep'!$C$2:$C$300,14)) | J58: =IF(INDEX('Giay phep'!$D$2:$D$300,14)="","",INDEX('Giay phep'!$D$2:$D$300,14)) | K58: =IF(INDEX('Giay phep'!$E$2:$E$300,14)="","",INDEX('Giay phep'!$E$2:$E$300,14)) | L58: =IF(INDEX('Giay phep'!$F$2:$F$300,14)="","",INDEX('Giay phep'!$F$2:$F$300,14)) | M58: =IF(INDEX('Giay phep'!$G$2:$G$300,14)="","",INDEX('Giay phep'!$G$2:$G$300,14))
B59: =IF(INDEX('Giay phep'!$A$2:$A$300,15)="","",INDEX('Giay phep'!$A$2:$A$300,15)) | F59: =IF(INDEX('Giay phep'!$B$2:$B$300,15)="","",INDEX('Giay phep'!$B$2:$B$300,15)) | H59: =IF(INDEX('Giay phep'!$C$2:$C$300,15)="","",INDEX('Giay phep'!$C$2:$C$300,15)) | J59: =IF(INDEX('Giay phep'!$D$2:$D$300,15)="","",INDEX('Giay phep'!$D$2:$D$300,15)) | K59: =IF(INDEX('Giay phep'!$E$2:$E$300,15)="","",INDEX('Giay phep'!$E$2:$E$300,15)) | L59: =IF(INDEX('Giay phep'!$F$2:$F$300,15)="","",INDEX('Giay phep'!$F$2:$F$300,15)) | M59: =IF(INDEX('Giay phep'!$G$2:$G$300,15)="","",INDEX('Giay phep'!$G$2:$G$300,15))
B60: =IF(INDEX('Giay phep'!$A$2:$A$300,16)="","",INDEX('Giay phep'!$A$2:$A$300,16)) | F60: =IF(INDEX('Giay phep'!$B$2:$B$300,16)="","",INDEX('Giay phep'!$B$2:$B$300,16)) | H60: =IF(INDEX('Giay phep'!$C$2:$C$300,16)="","",INDEX('Giay phep'!$C$2:$C$300,16)) | J60: =IF(INDEX('Giay phep'!$D$2:$D$300,16)="","",INDEX('Giay phep'!$D$2:$D$300,16)) | K60: =IF(INDEX('Giay phep'!$E$2:$E$300,16)="","",INDEX('Giay phep'!$E$2:$E$300,16)) | L60: =IF(INDEX('Giay phep'!$F$2:$F$300,16)="","",INDEX('Giay phep'!$F$2:$F$300,16)) | M60: =IF(INDEX('Giay phep'!$G$2:$G$300,16)="","",INDEX('Giay phep'!$G$2:$G$300,16))
B61: =IF(INDEX('Giay phep'!$A$2:$A$300,17)="","",INDEX('Giay phep'!$A$2:$A$300,17)) | F61: =IF(INDEX('Giay phep'!$B$2:$B$300,17)="","",INDEX('Giay phep'!$B$2:$B$300,17)) | H61: =IF(INDEX('Giay phep'!$C$2:$C$300,17)="","",INDEX('Giay phep'!$C$2:$C$300,17)) | J61: =IF(INDEX('Giay phep'!$D$2:$D$300,17)="","",INDEX('Giay phep'!$D$2:$D$300,17)) | K61: =IF(INDEX('Giay phep'!$E$2:$E$300,17)="","",INDEX('Giay phep'!$E$2:$E$300,17)) | L61: =IF(INDEX('Giay phep'!$F$2:$F$300,17)="","",INDEX('Giay phep'!$F$2:$F$300,17)) | M61: =IF(INDEX('Giay phep'!$G$2:$G$300,17)="","",INDEX('Giay phep'!$G$2:$G$300,17))
B62: =IF(INDEX('Giay phep'!$A$2:$A$300,18)="","",INDEX('Giay phep'!$A$2:$A$300,18)) | F62: =IF(INDEX('Giay phep'!$B$2:$B$300,18)="","",INDEX('Giay phep'!$B$2:$B$300,18)) | H62: =IF(INDEX('Giay phep'!$C$2:$C$300,18)="","",INDEX('Giay phep'!$C$2:$C$300,18)) | J62: =IF(INDEX('Giay phep'!$D$2:$D$300,18)="","",INDEX('Giay phep'!$D$2:$D$300,18)) | K62: =IF(INDEX('Giay phep'!$E$2:$E$300,18)="","",INDEX('Giay phep'!$E$2:$E$300,18)) | L62: =IF(INDEX('Giay phep'!$F$2:$F$300,18)="","",INDEX('Giay phep'!$F$2:$F$300,18)) | M62: =IF(INDEX('Giay phep'!$G$2:$G$300,18)="","",INDEX('Giay phep'!$G$2:$G$300,18))
B63: =IF(INDEX('Giay phep'!$A$2:$A$300,19)="","",INDEX('Giay phep'!$A$2:$A$300,19)) | F63: =IF(INDEX('Giay phep'!$B$2:$B$300,19)="","",INDEX('Giay phep'!$B$2:$B$300,19)) | H63: =IF(INDEX('Giay phep'!$C$2:$C$300,19)="","",INDEX('Giay phep'!$C$2:$C$300,19)) | J63: =IF(INDEX('Giay phep'!$D$2:$D$300,19)="","",INDEX('Giay phep'!$D$2:$D$300,19)) | K63: =IF(INDEX('Giay phep'!$E$2:$E$300,19)="","",INDEX('Giay phep'!$E$2:$E$300,19)) | L63: =IF(INDEX('Giay phep'!$F$2:$F$300,19)="","",INDEX('Giay phep'!$F$2:$F$300,19)) | M63: =IF(INDEX('Giay phep'!$G$2:$G$300,19)="","",INDEX('Giay phep'!$G$2:$G$300,19))
B64: =IF(INDEX('Giay phep'!$A$2:$A$300,20)="","",INDEX('Giay phep'!$A$2:$A$300,20)) | F64: =IF(INDEX('Giay phep'!$B$2:$B$300,20)="","",INDEX('Giay phep'!$B$2:$B$300,20)) | H64: =IF(INDEX('Giay phep'!$C$2:$C$300,20)="","",INDEX('Giay phep'!$C$2:$C$300,20)) | J64: =IF(INDEX('Giay phep'!$D$2:$D$300,20)="","",INDEX('Giay phep'!$D$2:$D$300,20)) | K64: =IF(INDEX('Giay phep'!$E$2:$E$300,20)="","",INDEX('Giay phep'!$E$2:$E$300,20)) | L64: =IF(INDEX('Giay phep'!$F$2:$F$300,20)="","",INDEX('Giay phep'!$F$2:$F$300,20)) | M64: =IF(INDEX('Giay phep'!$G$2:$G$300,20)="","",INDEX('Giay phep'!$G$2:$G$300,20))

Sheet Commissioning
B1: ="OPS readiness – report "&TEXT(DATEVALUE('Thong tin'!$A$2),"d mmm yyyy")
B2: CPP pre-commissioning plan by week. Green: done (actual finish entered) · red: in its window on the report date · blue: planned.
C4: Report date | D4: =DATEVALUE('Thong tin'!$A$2)
C5: First week | D5: {=IF(COUNTIF('Pre-com'!$B$2:$B$300,"?*")=0,D4,MIN(IF('Pre-com'!$B$2:$B$300<>"",DATEVALUE('Pre-com'!$B$2:$B$300))))-WEEKDAY(IF(COUNTIF('Pre-com'!$B$2:$B$300,"?*")=0,D4,MIN(IF('Pre-com'!$B$2:$B$300<>"",DATEVALUE('Pre-com'!$B$2:$B$300)))),2)+1}
B6: Activity | C6: Plan start | D6: Plan finish | E6: Actual finish | F6: =$D$5 | G6: =F6+7 | H6: =G6+7 | I6: =H6+7 | J6: =I6+7 | K6: =J6+7 | L6: =K6+7 | M6: =L6+7 | N6: =M6+7 | ... AA6: =Z6+7
B7: =IF(INDEX('Pre-com'!$A$2:$A$300,1)="","",INDEX('Pre-com'!$A$2:$A$300,1)) | C7: =IF(INDEX('Pre-com'!$B$2:$B$300,1)="","",DATEVALUE(INDEX('Pre-com'!$B$2:$B$300,1))) | D7: =IF(INDEX('Pre-com'!$C$2:$C$300,1)="","",DATEVALUE(INDEX('Pre-com'!$C$2:$C$300,1))) | E7: =IF(INDEX('Pre-com'!$E$2:$E$300,1)="","",DATEVALUE(INDEX('Pre-com'!$E$2:$E$300,1)))
B8: =IF(INDEX('Pre-com'!$A$2:$A$300,2)="","",INDEX('Pre-com'!$A$2:$A$300,2)) | C8: =IF(INDEX('Pre-com'!$B$2:$B$300,2)="","",DATEVALUE(INDEX('Pre-com'!$B$2:$B$300,2))) | D8: =IF(INDEX('Pre-com'!$C$2:$C$300,2)="","",DATEVALUE(INDEX('Pre-com'!$C$2:$C$300,2))) | E8: =IF(INDEX('Pre-com'!$E$2:$E$300,2)="","",DATEVALUE(INDEX('Pre-com'!$E$2:$E$300,2)))
B9: =IF(INDEX('Pre-com'!$A$2:$A$300,3)="","",INDEX('Pre-com'!$A$2:$A$300,3)) | C9: =IF(INDEX('Pre-com'!$B$2:$B$300,3)="","",DATEVALUE(INDEX('Pre-com'!$B$2:$B$300,3))) | D9: =IF(INDEX('Pre-com'!$C$2:$C$300,3)="","",DATEVALUE(INDEX('Pre-com'!$C$2:$C$300,3))) | E9: =IF(INDEX('Pre-com'!$E$2:$E$300,3)="","",DATEVALUE(INDEX('Pre-com'!$E$2:$E$300,3)))
B10: =IF(INDEX('Pre-com'!$A$2:$A$300,4)="","",INDEX('Pre-com'!$A$2:$A$300,4)) | C10: =IF(INDEX('Pre-com'!$B$2:$B$300,4)="","",DATEVALUE(INDEX('Pre-com'!$B$2:$B$300,4))) | D10: =IF(INDEX('Pre-com'!$C$2:$C$300,4)="","",DATEVALUE(INDEX('Pre-com'!$C$2:$C$300,4))) | E10: =IF(INDEX('Pre-com'!$E$2:$E$300,4)="","",DATEVALUE(INDEX('Pre-com'!$E$2:$E$300,4)))
B11: =IF(INDEX('Pre-com'!$A$2:$A$300,5)="","",INDEX('Pre-com'!$A$2:$A$300,5)) | C11: =IF(INDEX('Pre-com'!$B$2:$B$300,5)="","",DATEVALUE(INDEX('Pre-com'!$B$2:$B$300,5))) | D11: =IF(INDEX('Pre-com'!$C$2:$C$300,5)="","",DATEVALUE(INDEX('Pre-com'!$C$2:$C$300,5))) | E11: =IF(INDEX('Pre-com'!$E$2:$E$300,5)="","",DATEVALUE(INDEX('Pre-com'!$E$2:$E$300,5)))
B12: =IF(INDEX('Pre-com'!$A$2:$A$300,6)="","",INDEX('Pre-com'!$A$2:$A$300,6)) | C12: =IF(INDEX('Pre-com'!$B$2:$B$300,6)="","",DATEVALUE(INDEX('Pre-com'!$B$2:$B$300,6))) | D12: =IF(INDEX('Pre-com'!$C$2:$C$300,6)="","",DATEVALUE(INDEX('Pre-com'!$C$2:$C$300,6))) | E12: =IF(INDEX('Pre-com'!$E$2:$E$300,6)="","",DATEVALUE(INDEX('Pre-com'!$E$2:$E$300,6)))
B13: =IF(INDEX('Pre-com'!$A$2:$A$300,7)="","",INDEX('Pre-com'!$A$2:$A$300,7)) | C13: =IF(INDEX('Pre-com'!$B$2:$B$300,7)="","",DATEVALUE(INDEX('Pre-com'!$B$2:$B$300,7))) | D13: =IF(INDEX('Pre-com'!$C$2:$C$300,7)="","",DATEVALUE(INDEX('Pre-com'!$C$2:$C$300,7))) | E13: =IF(INDEX('Pre-com'!$E$2:$E$300,7)="","",DATEVALUE(INDEX('Pre-com'!$E$2:$E$300,7)))
B14: =IF(INDEX('Pre-com'!$A$2:$A$300,8)="","",INDEX('Pre-com'!$A$2:$A$300,8)) | C14: =IF(INDEX('Pre-com'!$B$2:$B$300,8)="","",DATEVALUE(INDEX('Pre-com'!$B$2:$B$300,8))) | D14: =IF(INDEX('Pre-com'!$C$2:$C$300,8)="","",DATEVALUE(INDEX('Pre-com'!$C$2:$C$300,8))) | E14: =IF(INDEX('Pre-com'!$E$2:$E$300,8)="","",DATEVALUE(INDEX('Pre-com'!$E$2:$E$300,8)))
B15: =IF(INDEX('Pre-com'!$A$2:$A$300,9)="","",INDEX('Pre-com'!$A$2:$A$300,9)) | C15: =IF(INDEX('Pre-com'!$B$2:$B$300,9)="","",DATEVALUE(INDEX('Pre-com'!$B$2:$B$300,9))) | D15: =IF(INDEX('Pre-com'!$C$2:$C$300,9)="","",DATEVALUE(INDEX('Pre-com'!$C$2:$C$300,9))) | E15: =IF(INDEX('Pre-com'!$E$2:$E$300,9)="","",DATEVALUE(INDEX('Pre-com'!$E$2:$E$300,9)))
B16: =IF(INDEX('Pre-com'!$A$2:$A$300,10)="","",INDEX('Pre-com'!$A$2:$A$300,10)) | C16: =IF(INDEX('Pre-com'!$B$2:$B$300,10)="","",DATEVALUE(INDEX('Pre-com'!$B$2:$B$300,10))) | D16: =IF(INDEX('Pre-com'!$C$2:$C$300,10)="","",DATEVALUE(INDEX('Pre-com'!$C$2:$C$300,10))) | E16: =IF(INDEX('Pre-com'!$E$2:$E$300,10)="","",DATEVALUE(INDEX('Pre-com'!$E$2:$E$300,10)))
B17: =IF(INDEX('Pre-com'!$A$2:$A$300,11)="","",INDEX('Pre-com'!$A$2:$A$300,11)) | C17: =IF(INDEX('Pre-com'!$B$2:$B$300,11)="","",DATEVALUE(INDEX('Pre-com'!$B$2:$B$300,11))) | D17: =IF(INDEX('Pre-com'!$C$2:$C$300,11)="","",DATEVALUE(INDEX('Pre-com'!$C$2:$C$300,11))) | E17: =IF(INDEX('Pre-com'!$E$2:$E$300,11)="","",DATEVALUE(INDEX('Pre-com'!$E$2:$E$300,11)))
B18: =IF(INDEX('Pre-com'!$A$2:$A$300,12)="","",INDEX('Pre-com'!$A$2:$A$300,12)) | C18: =IF(INDEX('Pre-com'!$B$2:$B$300,12)="","",DATEVALUE(INDEX('Pre-com'!$B$2:$B$300,12))) | D18: =IF(INDEX('Pre-com'!$C$2:$C$300,12)="","",DATEVALUE(INDEX('Pre-com'!$C$2:$C$300,12))) | E18: =IF(INDEX('Pre-com'!$E$2:$E$300,12)="","",DATEVALUE(INDEX('Pre-com'!$E$2:$E$300,12)))
B19: =IF(INDEX('Pre-com'!$A$2:$A$300,13)="","",INDEX('Pre-com'!$A$2:$A$300,13)) | C19: =IF(INDEX('Pre-com'!$B$2:$B$300,13)="","",DATEVALUE(INDEX('Pre-com'!$B$2:$B$300,13))) | D19: =IF(INDEX('Pre-com'!$C$2:$C$300,13)="","",DATEVALUE(INDEX('Pre-com'!$C$2:$C$300,13))) | E19: =IF(INDEX('Pre-com'!$E$2:$E$300,13)="","",DATEVALUE(INDEX('Pre-com'!$E$2:$E$300,13)))
B20: =IF(INDEX('Pre-com'!$A$2:$A$300,14)="","",INDEX('Pre-com'!$A$2:$A$300,14)) | C20: =IF(INDEX('Pre-com'!$B$2:$B$300,14)="","",DATEVALUE(INDEX('Pre-com'!$B$2:$B$300,14))) | D20: =IF(INDEX('Pre-com'!$C$2:$C$300,14)="","",DATEVALUE(INDEX('Pre-com'!$C$2:$C$300,14))) | E20: =IF(INDEX('Pre-com'!$E$2:$E$300,14)="","",DATEVALUE(INDEX('Pre-com'!$E$2:$E$300,14)))
B21: =IF(INDEX('Pre-com'!$A$2:$A$300,15)="","",INDEX('Pre-com'!$A$2:$A$300,15)) | C21: =IF(INDEX('Pre-com'!$B$2:$B$300,15)="","",DATEVALUE(INDEX('Pre-com'!$B$2:$B$300,15))) | D21: =IF(INDEX('Pre-com'!$C$2:$C$300,15)="","",DATEVALUE(INDEX('Pre-com'!$C$2:$C$300,15))) | E21: =IF(INDEX('Pre-com'!$E$2:$E$300,15)="","",DATEVALUE(INDEX('Pre-com'!$E$2:$E$300,15)))
B22: =IF(INDEX('Pre-com'!$A$2:$A$300,16)="","",INDEX('Pre-com'!$A$2:$A$300,16)) | C22: =IF(INDEX('Pre-com'!$B$2:$B$300,16)="","",DATEVALUE(INDEX('Pre-com'!$B$2:$B$300,16))) | D22: =IF(INDEX('Pre-com'!$C$2:$C$300,16)="","",DATEVALUE(INDEX('Pre-com'!$C$2:$C$300,16))) | E22: =IF(INDEX('Pre-com'!$E$2:$E$300,16)="","",DATEVALUE(INDEX('Pre-com'!$E$2:$E$300,16)))
B23: =IF(INDEX('Pre-com'!$A$2:$A$300,17)="","",INDEX('Pre-com'!$A$2:$A$300,17)) | C23: =IF(INDEX('Pre-com'!$B$2:$B$300,17)="","",DATEVALUE(INDEX('Pre-com'!$B$2:$B$300,17))) | D23: =IF(INDEX('Pre-com'!$C$2:$C$300,17)="","",DATEVALUE(INDEX('Pre-com'!$C$2:$C$300,17))) | E23: =IF(INDEX('Pre-com'!$E$2:$E$300,17)="","",DATEVALUE(INDEX('Pre-com'!$E$2:$E$300,17)))
B24: =IF(INDEX('Pre-com'!$A$2:$A$300,18)="","",INDEX('Pre-com'!$A$2:$A$300,18)) | C24: =IF(INDEX('Pre-com'!$B$2:$B$300,18)="","",DATEVALUE(INDEX('Pre-com'!$B$2:$B$300,18))) | D24: =IF(INDEX('Pre-com'!$C$2:$C$300,18)="","",DATEVALUE(INDEX('Pre-com'!$C$2:$C$300,18))) | E24: =IF(INDEX('Pre-com'!$E$2:$E$300,18)="","",DATEVALUE(INDEX('Pre-com'!$E$2:$E$300,18)))
B25: =IF(INDEX('Pre-com'!$A$2:$A$300,19)="","",INDEX('Pre-com'!$A$2:$A$300,19)) | C25: =IF(INDEX('Pre-com'!$B$2:$B$300,19)="","",DATEVALUE(INDEX('Pre-com'!$B$2:$B$300,19))) | D25: =IF(INDEX('Pre-com'!$C$2:$C$300,19)="","",DATEVALUE(INDEX('Pre-com'!$C$2:$C$300,19))) | E25: =IF(INDEX('Pre-com'!$E$2:$E$300,19)="","",DATEVALUE(INDEX('Pre-com'!$E$2:$E$300,19)))
B26: =IF(INDEX('Pre-com'!$A$2:$A$300,20)="","",INDEX('Pre-com'!$A$2:$A$300,20)) | C26: =IF(INDEX('Pre-com'!$B$2:$B$300,20)="","",DATEVALUE(INDEX('Pre-com'!$B$2:$B$300,20))) | D26: =IF(INDEX('Pre-com'!$C$2:$C$300,20)="","",DATEVALUE(INDEX('Pre-com'!$C$2:$C$300,20))) | E26: =IF(INDEX('Pre-com'!$E$2:$E$300,20)="","",DATEVALUE(INDEX('Pre-com'!$E$2:$E$300,20)))
B27: =IF(INDEX('Pre-com'!$A$2:$A$300,21)="","",INDEX('Pre-com'!$A$2:$A$300,21)) | C27: =IF(INDEX('Pre-com'!$B$2:$B$300,21)="","",DATEVALUE(INDEX('Pre-com'!$B$2:$B$300,21))) | D27: =IF(INDEX('Pre-com'!$C$2:$C$300,21)="","",DATEVALUE(INDEX('Pre-com'!$C$2:$C$300,21))) | E27: =IF(INDEX('Pre-com'!$E$2:$E$300,21)="","",DATEVALUE(INDEX('Pre-com'!$E$2:$E$300,21)))
B28: =IF(INDEX('Pre-com'!$A$2:$A$300,22)="","",INDEX('Pre-com'!$A$2:$A$300,22)) | C28: =IF(INDEX('Pre-com'!$B$2:$B$300,22)="","",DATEVALUE(INDEX('Pre-com'!$B$2:$B$300,22))) | D28: =IF(INDEX('Pre-com'!$C$2:$C$300,22)="","",DATEVALUE(INDEX('Pre-com'!$C$2:$C$300,22))) | E28: =IF(INDEX('Pre-com'!$E$2:$E$300,22)="","",DATEVALUE(INDEX('Pre-com'!$E$2:$E$300,22)))
B29: =IF(INDEX('Pre-com'!$A$2:$A$300,23)="","",INDEX('Pre-com'!$A$2:$A$300,23)) | C29: =IF(INDEX('Pre-com'!$B$2:$B$300,23)="","",DATEVALUE(INDEX('Pre-com'!$B$2:$B$300,23))) | D29: =IF(INDEX('Pre-com'!$C$2:$C$300,23)="","",DATEVALUE(INDEX('Pre-com'!$C$2:$C$300,23))) | E29: =IF(INDEX('Pre-com'!$E$2:$E$300,23)="","",DATEVALUE(INDEX('Pre-com'!$E$2:$E$300,23)))
B30: =IF(INDEX('Pre-com'!$A$2:$A$300,24)="","",INDEX('Pre-com'!$A$2:$A$300,24)) | C30: =IF(INDEX('Pre-com'!$B$2:$B$300,24)="","",DATEVALUE(INDEX('Pre-com'!$B$2:$B$300,24))) | D30: =IF(INDEX('Pre-com'!$C$2:$C$300,24)="","",DATEVALUE(INDEX('Pre-com'!$C$2:$C$300,24))) | E30: =IF(INDEX('Pre-com'!$E$2:$E$300,24)="","",DATEVALUE(INDEX('Pre-com'!$E$2:$E$300,24)))
B31: =IF(INDEX('Pre-com'!$A$2:$A$300,25)="","",INDEX('Pre-com'!$A$2:$A$300,25)) | C31: =IF(INDEX('Pre-com'!$B$2:$B$300,25)="","",DATEVALUE(INDEX('Pre-com'!$B$2:$B$300,25))) | D31: =IF(INDEX('Pre-com'!$C$2:$C$300,25)="","",DATEVALUE(INDEX('Pre-com'!$C$2:$C$300,25))) | E31: =IF(INDEX('Pre-com'!$E$2:$E$300,25)="","",DATEVALUE(INDEX('Pre-com'!$E$2:$E$300,25)))
B32: =IF(INDEX('Pre-com'!$A$2:$A$300,26)="","",INDEX('Pre-com'!$A$2:$A$300,26)) | C32: =IF(INDEX('Pre-com'!$B$2:$B$300,26)="","",DATEVALUE(INDEX('Pre-com'!$B$2:$B$300,26))) | D32: =IF(INDEX('Pre-com'!$C$2:$C$300,26)="","",DATEVALUE(INDEX('Pre-com'!$C$2:$C$300,26))) | E32: =IF(INDEX('Pre-com'!$E$2:$E$300,26)="","",DATEVALUE(INDEX('Pre-com'!$E$2:$E$300,26)))
B33: =IF(INDEX('Pre-com'!$A$2:$A$300,27)="","",INDEX('Pre-com'!$A$2:$A$300,27)) | C33: =IF(INDEX('Pre-com'!$B$2:$B$300,27)="","",DATEVALUE(INDEX('Pre-com'!$B$2:$B$300,27))) | D33: =IF(INDEX('Pre-com'!$C$2:$C$300,27)="","",DATEVALUE(INDEX('Pre-com'!$C$2:$C$300,27))) | E33: =IF(INDEX('Pre-com'!$E$2:$E$300,27)="","",DATEVALUE(INDEX('Pre-com'!$E$2:$E$300,27)))
B34: =IF(INDEX('Pre-com'!$A$2:$A$300,28)="","",INDEX('Pre-com'!$A$2:$A$300,28)) | C34: =IF(INDEX('Pre-com'!$B$2:$B$300,28)="","",DATEVALUE(INDEX('Pre-com'!$B$2:$B$300,28))) | D34: =IF(INDEX('Pre-com'!$C$2:$C$300,28)="","",DATEVALUE(INDEX('Pre-com'!$C$2:$C$300,28))) | E34: =IF(INDEX('Pre-com'!$E$2:$E$300,28)="","",DATEVALUE(INDEX('Pre-com'!$E$2:$E$300,28)))
B35: =IF(INDEX('Pre-com'!$A$2:$A$300,29)="","",INDEX('Pre-com'!$A$2:$A$300,29)) | C35: =IF(INDEX('Pre-com'!$B$2:$B$300,29)="","",DATEVALUE(INDEX('Pre-com'!$B$2:$B$300,29))) | D35: =IF(INDEX('Pre-com'!$C$2:$C$300,29)="","",DATEVALUE(INDEX('Pre-com'!$C$2:$C$300,29))) | E35: =IF(INDEX('Pre-com'!$E$2:$E$300,29)="","",DATEVALUE(INDEX('Pre-com'!$E$2:$E$300,29)))
B36: =IF(INDEX('Pre-com'!$A$2:$A$300,30)="","",INDEX('Pre-com'!$A$2:$A$300,30)) | C36: =IF(INDEX('Pre-com'!$B$2:$B$300,30)="","",DATEVALUE(INDEX('Pre-com'!$B$2:$B$300,30))) | D36: =IF(INDEX('Pre-com'!$C$2:$C$300,30)="","",DATEVALUE(INDEX('Pre-com'!$C$2:$C$300,30))) | E36: =IF(INDEX('Pre-com'!$E$2:$E$300,30)="","",DATEVALUE(INDEX('Pre-com'!$E$2:$E$300,30)))
B38: Preservation, installation & commissioning
B40: Item | C40: Status
B41: =IF($Z41="","",IF(INDEX('Trang thai cong viec'!$B$2:$B$300,$Z41)="","",INDEX('Trang thai cong viec'!$B$2:$B$300,$Z41))) | C41: =IF($Z41="","",IF(INDEX('Trang thai cong viec'!$C$2:$C$300,$Z41)="","",INDEX('Trang thai cong viec'!$C$2:$C$300,$Z41))) | Z41: {=IFERROR(SMALL(IF('Trang thai cong viec'!$A$2:$A$300="Commissioning",ROW('Trang thai cong viec'!$A$2:$A$300)-1),1),"")}
B42: =IF($Z42="","",IF(INDEX('Trang thai cong viec'!$B$2:$B$300,$Z42)="","",INDEX('Trang thai cong viec'!$B$2:$B$300,$Z42))) | C42: =IF($Z42="","",IF(INDEX('Trang thai cong viec'!$C$2:$C$300,$Z42)="","",INDEX('Trang thai cong viec'!$C$2:$C$300,$Z42))) | Z42: {=IFERROR(SMALL(IF('Trang thai cong viec'!$A$2:$A$300="Commissioning",ROW('Trang thai cong viec'!$A$2:$A$300)-1),2),"")}
B43: =IF($Z43="","",IF(INDEX('Trang thai cong viec'!$B$2:$B$300,$Z43)="","",INDEX('Trang thai cong viec'!$B$2:$B$300,$Z43))) | C43: =IF($Z43="","",IF(INDEX('Trang thai cong viec'!$C$2:$C$300,$Z43)="","",INDEX('Trang thai cong viec'!$C$2:$C$300,$Z43))) | Z43: {=IFERROR(SMALL(IF('Trang thai cong viec'!$A$2:$A$300="Commissioning",ROW('Trang thai cong viec'!$A$2:$A$300)-1),3),"")}
B44: =IF($Z44="","",IF(INDEX('Trang thai cong viec'!$B$2:$B$300,$Z44)="","",INDEX('Trang thai cong viec'!$B$2:$B$300,$Z44))) | C44: =IF($Z44="","",IF(INDEX('Trang thai cong viec'!$C$2:$C$300,$Z44)="","",INDEX('Trang thai cong viec'!$C$2:$C$300,$Z44))) | Z44: {=IFERROR(SMALL(IF('Trang thai cong viec'!$A$2:$A$300="Commissioning",ROW('Trang thai cong viec'!$A$2:$A$300)-1),4),"")}
B45: =IF($Z45="","",IF(INDEX('Trang thai cong viec'!$B$2:$B$300,$Z45)="","",INDEX('Trang thai cong viec'!$B$2:$B$300,$Z45))) | C45: =IF($Z45="","",IF(INDEX('Trang thai cong viec'!$C$2:$C$300,$Z45)="","",INDEX('Trang thai cong viec'!$C$2:$C$300,$Z45))) | Z45: {=IFERROR(SMALL(IF('Trang thai cong viec'!$A$2:$A$300="Commissioning",ROW('Trang thai cong viec'!$A$2:$A$300)-1),5),"")}
B48: CPP start-up sequence
B49: Summarised from the CPP start-up block diagram.
B50: Step · phase | C50: Action
B51: =IF(INDEX('Trinh tu khoi dong'!$A$2:$A$300,1)="","",INDEX('Trinh tu khoi dong'!$A$2:$A$300,1)&". "&INDEX('Trinh tu khoi dong'!$B$2:$B$300,1)) | C51: =IF(INDEX('Trinh tu khoi dong'!$C$2:$C$300,1)="","",INDEX('Trinh tu khoi dong'!$C$2:$C$300,1))
B52: =IF(INDEX('Trinh tu khoi dong'!$A$2:$A$300,2)="","",INDEX('Trinh tu khoi dong'!$A$2:$A$300,2)&". "&INDEX('Trinh tu khoi dong'!$B$2:$B$300,2)) | C52: =IF(INDEX('Trinh tu khoi dong'!$C$2:$C$300,2)="","",INDEX('Trinh tu khoi dong'!$C$2:$C$300,2))
B53: =IF(INDEX('Trinh tu khoi dong'!$A$2:$A$300,3)="","",INDEX('Trinh tu khoi dong'!$A$2:$A$300,3)&". "&INDEX('Trinh tu khoi dong'!$B$2:$B$300,3)) | C53: =IF(INDEX('Trinh tu khoi dong'!$C$2:$C$300,3)="","",INDEX('Trinh tu khoi dong'!$C$2:$C$300,3))
B54: =IF(INDEX('Trinh tu khoi dong'!$A$2:$A$300,4)="","",INDEX('Trinh tu khoi dong'!$A$2:$A$300,4)&". "&INDEX('Trinh tu khoi dong'!$B$2:$B$300,4)) | C54: =IF(INDEX('Trinh tu khoi dong'!$C$2:$C$300,4)="","",INDEX('Trinh tu khoi dong'!$C$2:$C$300,4))
B55: =IF(INDEX('Trinh tu khoi dong'!$A$2:$A$300,5)="","",INDEX('Trinh tu khoi dong'!$A$2:$A$300,5)&". "&INDEX('Trinh tu khoi dong'!$B$2:$B$300,5)) | C55: =IF(INDEX('Trinh tu khoi dong'!$C$2:$C$300,5)="","",INDEX('Trinh tu khoi dong'!$C$2:$C$300,5))
B56: =IF(INDEX('Trinh tu khoi dong'!$A$2:$A$300,6)="","",INDEX('Trinh tu khoi dong'!$A$2:$A$300,6)&". "&INDEX('Trinh tu khoi dong'!$B$2:$B$300,6)) | C56: =IF(INDEX('Trinh tu khoi dong'!$C$2:$C$300,6)="","",INDEX('Trinh tu khoi dong'!$C$2:$C$300,6))
B57: =IF(INDEX('Trinh tu khoi dong'!$A$2:$A$300,7)="","",INDEX('Trinh tu khoi dong'!$A$2:$A$300,7)&". "&INDEX('Trinh tu khoi dong'!$B$2:$B$300,7)) | C57: =IF(INDEX('Trinh tu khoi dong'!$C$2:$C$300,7)="","",INDEX('Trinh tu khoi dong'!$C$2:$C$300,7))
B58: =IF(INDEX('Trinh tu khoi dong'!$A$2:$A$300,8)="","",INDEX('Trinh tu khoi dong'!$A$2:$A$300,8)&". "&INDEX('Trinh tu khoi dong'!$B$2:$B$300,8)) | C58: =IF(INDEX('Trinh tu khoi dong'!$C$2:$C$300,8)="","",INDEX('Trinh tu khoi dong'!$C$2:$C$300,8))
B59: =IF(INDEX('Trinh tu khoi dong'!$A$2:$A$300,9)="","",INDEX('Trinh tu khoi dong'!$A$2:$A$300,9)&". "&INDEX('Trinh tu khoi dong'!$B$2:$B$300,9)) | C59: =IF(INDEX('Trinh tu khoi dong'!$C$2:$C$300,9)="","",INDEX('Trinh tu khoi dong'!$C$2:$C$300,9))
B60: =IF(INDEX('Trinh tu khoi dong'!$A$2:$A$300,10)="","",INDEX('Trinh tu khoi dong'!$A$2:$A$300,10)&". "&INDEX('Trinh tu khoi dong'!$B$2:$B$300,10)) | C60: =IF(INDEX('Trinh tu khoi dong'!$C$2:$C$300,10)="","",INDEX('Trinh tu khoi dong'!$C$2:$C$300,10))
B61: =IF(INDEX('Trinh tu khoi dong'!$A$2:$A$300,11)="","",INDEX('Trinh tu khoi dong'!$A$2:$A$300,11)&". "&INDEX('Trinh tu khoi dong'!$B$2:$B$300,11)) | C61: =IF(INDEX('Trinh tu khoi dong'!$C$2:$C$300,11)="","",INDEX('Trinh tu khoi dong'!$C$2:$C$300,11))
B62: =IF(INDEX('Trinh tu khoi dong'!$A$2:$A$300,12)="","",INDEX('Trinh tu khoi dong'!$A$2:$A$300,12)&". "&INDEX('Trinh tu khoi dong'!$B$2:$B$300,12)) | C62: =IF(INDEX('Trinh tu khoi dong'!$C$2:$C$300,12)="","",INDEX('Trinh tu khoi dong'!$C$2:$C$300,12))
B63: =IF(INDEX('Trinh tu khoi dong'!$A$2:$A$300,13)="","",INDEX('Trinh tu khoi dong'!$A$2:$A$300,13)&". "&INDEX('Trinh tu khoi dong'!$B$2:$B$300,13)) | C63: =IF(INDEX('Trinh tu khoi dong'!$C$2:$C$300,13)="","",INDEX('Trinh tu khoi dong'!$C$2:$C$300,13))
B64: =IF(INDEX('Trinh tu khoi dong'!$A$2:$A$300,14)="","",INDEX('Trinh tu khoi dong'!$A$2:$A$300,14)&". "&INDEX('Trinh tu khoi dong'!$B$2:$B$300,14)) | C64: =IF(INDEX('Trinh tu khoi dong'!$C$2:$C$300,14)="","",INDEX('Trinh tu khoi dong'!$C$2:$C$300,14))
B65: =IF(INDEX('Trinh tu khoi dong'!$A$2:$A$300,15)="","",INDEX('Trinh tu khoi dong'!$A$2:$A$300,15)&". "&INDEX('Trinh tu khoi dong'!$B$2:$B$300,15)) | C65: =IF(INDEX('Trinh tu khoi dong'!$C$2:$C$300,15)="","",INDEX('Trinh tu khoi dong'!$C$2:$C$300,15))
B66: =IF(INDEX('Trinh tu khoi dong'!$A$2:$A$300,16)="","",INDEX('Trinh tu khoi dong'!$A$2:$A$300,16)&". "&INDEX('Trinh tu khoi dong'!$B$2:$B$300,16)) | C66: =IF(INDEX('Trinh tu khoi dong'!$C$2:$C$300,16)="","",INDEX('Trinh tu khoi dong'!$C$2:$C$300,16))
B67: =IF(INDEX('Trinh tu khoi dong'!$A$2:$A$300,17)="","",INDEX('Trinh tu khoi dong'!$A$2:$A$300,17)&". "&INDEX('Trinh tu khoi dong'!$B$2:$B$300,17)) | C67: =IF(INDEX('Trinh tu khoi dong'!$C$2:$C$300,17)="","",INDEX('Trinh tu khoi dong'!$C$2:$C$300,17))
B68: =IF(INDEX('Trinh tu khoi dong'!$A$2:$A$300,18)="","",INDEX('Trinh tu khoi dong'!$A$2:$A$300,18)&". "&INDEX('Trinh tu khoi dong'!$B$2:$B$300,18)) | C68: =IF(INDEX('Trinh tu khoi dong'!$C$2:$C$300,18)="","",INDEX('Trinh tu khoi dong'!$C$2:$C$300,18))
B69: =IF(INDEX('Trinh tu khoi dong'!$A$2:$A$300,19)="","",INDEX('Trinh tu khoi dong'!$A$2:$A$300,19)&". "&INDEX('Trinh tu khoi dong'!$B$2:$B$300,19)) | C69: =IF(INDEX('Trinh tu khoi dong'!$C$2:$C$300,19)="","",INDEX('Trinh tu khoi dong'!$C$2:$C$300,19))
B70: =IF(INDEX('Trinh tu khoi dong'!$A$2:$A$300,20)="","",INDEX('Trinh tu khoi dong'!$A$2:$A$300,20)&". "&INDEX('Trinh tu khoi dong'!$B$2:$B$300,20)) | C70: =IF(INDEX('Trinh tu khoi dong'!$C$2:$C$300,20)="","",INDEX('Trinh tu khoi dong'!$C$2:$C$300,20))

Sheet Huong dan
A1: OPS DASHBOARD – FILE SỐ LIỆU NGUỒN
A3: Cách dùng
A4: 1. Mỗi sheet là một bảng (Excel Table). Chỉ sửa số liệu trong bảng; thêm dòng bằng cách gõ ngay dưới dòng cuối của bảng (bảng tự mở rộng).
A5: 2. KHÔNG đổi tên bảng (Table Design → Table Name), KHÔNG đổi tên cột ở dòng tiêu đề. Dashboard đọc theo đúng các tên này.
A6: 3. Ngày tháng gõ dạng chữ: tháng YYYY-MM (2026-11), ngày YYYY-MM-DD (2026-11-30). Các cột ngày đã định dạng Text sẵn.
A7: 4. Phần trăm gõ số 0–100 (ví dụ 70.5), không gõ dấu %. Ô chưa có số để trống.
A8: 5. Power Automate đọc file này theo lịch và đẩy lên dashboard. Sau khi lưu, chờ tới lượt chạy kế tiếp (hoặc chạy tay luồng) rồi 1–2 phút để Vercel cập nhật.
A9: 6. Các sheet dashboard (Overview … Commissioning) ở đầu file tự tính lại ngay khi sửa số; không cần sửa gì trên các sheet đó.
A11: Bảng | B11: Sheet | C11: Hiển thị ở | D11: Cột | E11: Ý nghĩa
A12: meta | B12: Thong tin | C12: Ngày báo cáo và tiêu đề (1 dòng duy nhất) | D12: report_date | E12: Ngày báo cáo, dạng YYYY-MM-DD
D13: report_title | E13: Tên báo cáo
D14: prepared_by | E14: Đơn vị lập
A15: manpower | B15: Nhan su theo thang | C15: Biểu đồ tăng cường nhân sự; KPI nhân sự lấy tháng cuối cùng có số thực tế | D15: month | E15: Tháng, dạng YYYY-MM
D16: onshore_plan | E16: Onshore kế hoạch
D17: onshore_actual | E17: Onshore thực tế (để trống nếu chưa tới)
D18: offshore_plan | E18: Offshore kế hoạch
D19: offshore_actual | E19: Offshore thực tế
D20: total_plan | E20: Tổng kế hoạch
D21: total_actual | E21: Tổng thực tế
A22: staffing | B22: Dinh bien | C22: Thẻ "Định biên hiện tại" | D22: group | E22: Nhóm
D23: filled | E23: Đã có
D24: required | E24: Cần
A25: cbta | B25: CBTA | C25: Tab Nhân sự & đào tạo: CBTA | D25: platform | E25: CPP hoặc WHP
D26: team | E26: Team
D27: modules | E27: Tổng module
D28: developing | E28: Đang biên soạn
D29: review | E29: Đang soát xét
D30: completed | E30: Đã hoàn thành
D31: theory_pct | E31: % đánh giá lý thuyết (0–100)
D32: ojt_modules | E32: Số module OJT
D33: ojt_pct | E33: % đánh giá OJT (0–100)
A34: mandatory | B34: Dao tao bat buoc | C34: Đào tạo bắt buộc offshore | D34: team | E34: Team
D35: planned | E35: Số khoá kế hoạch
D36: earned | E36: Số khoá đã hoàn thành
D37: balance | E37: Còn lại
A38: vendor_training | B38: Dao tao vendor | C38: Lịch đào tạo vendor | D38: course | E38: Tên khoá
D39: period | E39: Tháng YYYY-MM, hoặc chỉ năm YYYY
A40: orr_teams | B40: ORR theo team | C40: ORR theo team OPS (tháng hiện tại) | D40: team | E40: Team
D41: weight_pct | E41: Trọng số %
D42: total_activities | E42: Tổng hoạt động
D43: completed | E43: Đã hoàn thành
D44: plan_pct | E44: % kế hoạch tháng hiện tại
D45: actual_pct | E45: % thực tế tháng hiện tại
D46: plan_end_pct | E46: % kế hoạch cuối kỳ
A47: orr_curve | B47: ORR theo thang | C47: Đường ORR kế hoạch/thực tế; KPI ORR lấy tháng cuối cùng có thực tế | D47: month | E47: Tháng YYYY-MM
D48: plan_pct | E48: % kế hoạch tổng
D49: actual_pct | E49: % thực tế tổng (để trống nếu chưa tới)
A50: orr_elements | B50: ORR hang muc | C50: Bảng checklist theo hạng mục | D50: group | E50: PEOPLE / PLANT / PROCESS
D51: code | E51: Mã (không trùng)
D52: element | E52: Tên hạng mục
D53: items | E53: Số đầu mục
D54: progress_pct | E54: % tiến độ (0–100)
A55: orr_groups | B55: ORR tong nhom | C55: Ô tổng ORR theo nhóm | D55: group | E55: PEOPLE / PLANT / PROCESS / TOTAL (giữ nguyên tên)
D56: items | E56: Số đầu mục
D57: progress_pct | E57: % tiến độ (0–100)
A58: procedures | B58: Quy trinh | C58: Tab Quy trình | D58: id | E58: Mã (không trùng, ví dụ HSE-41)
D59: category | E59: "HSE" hoặc "General operations" (giữ đúng chữ)
D60: document | E60: Tên tài liệu
D61: level | E61: Company / Department
D62: issued | E62: "Yes" nếu đã ban hành, "No" nếu chưa
D63: responsible | E63: Người phụ trách
D64: expected | E64: Hạn, ví dụ Dec-26
D65: completion_pct | E65: % hoàn thành (0–100)
D66: remark | E66: Ghi chú
A67: packages_no_pr | B67: Goi chua co PR | C67: Gói chưa có PR | D67: dimension | E67: status / priority / scr_timing (giữ nguyên)
D68: category | E68: Nhóm
D69: count | E69: Số gói
A70: pr_pipeline | B70: PR dang xu ly | C70: PR theo bước | D70: stage | E70: Bước (giữ số thứ tự ở đầu)
D71: status | E71: "Late", "Near-late" hoặc "On time" (giữ đúng chữ)
D72: count | E72: Số PR
A73: cmms | B73: CMMS | C73: CMMS (OA) | D73: package | E73: Gói
D74: actual_pct | E74: % thực tế
D75: plan_pct | E75: % kế hoạch
A76: workstreams | B76: Trang thai cong viec | C76: Danh sách ứng dụng, logistics, điều phối, commissioning, vị trí trống | D76: area | E76: "Manpower", "Applications", "Logistics & services", "Coordination" hoặc "Commissioning" (giữ đúng chữ)
D77: item | E77: Hạng mục ("Vacant positions" là dòng vị trí còn trống)
D78: status | E78: Trạng thái / bước tiếp theo
A79: permits | B79: Giay phep | C79: Đăng ký giấy phép | D79: permit | E79: Tên giấy phép (không trùng)
D80: facility | E80: Áp dụng cho
D81: authority | E81: Cơ quan
D82: issue_date | E82: Ngày cấp YYYY-MM-DD
D83: expiry_date | E83: Ngày hết hạn YYYY-MM-DD
D84: renewal_date | E84: Gia hạn trước YYYY-MM-DD
D85: status | E85: "Issued", "Temporary", "Waiting…" hoặc ghi chú
A86: precom_plan | B86: Pre-com | C86: Biểu đồ tiến độ pre-commissioning | D86: activity | E86: Tên hoạt động
D87: plan_start | E87: Bắt đầu KH YYYY-MM-DD
D88: plan_finish | E88: Kết thúc KH YYYY-MM-DD
D89: actual_start | E89: Bắt đầu thực tế YYYY-MM-DD
D90: actual_finish | E90: Kết thúc thực tế YYYY-MM-DD (có ngày → thanh màu xanh)
A91: startup_sequence | B91: Trinh tu khoi dong | C91: Trình tự khởi động CPP | D91: step | E91: Số thứ tự
D92: phase | E92: Tên bước
D93: action | E93: Nội dung

Sheet Thong tin
A1: report_date | B1: report_title | C1: prepared_by
A2: 2026-10-21 | B2: Operations Readiness Preparation | C2: OPS Department

Sheet Nhan su theo thang
A1: month | B1: onshore_plan | C1: onshore_actual | D1: offshore_plan | E1: offshore_actual | F1: total_plan | G1: total_actual
A2: 2024-01 | B2: 5 | C2: 5 | D2: 2 | E2: 2 | F2: 7 | G2: 7
A3: 2024-02 | B3: 5 | C3: 5 | D3: 2 | E3: 2 | F3: 7 | G3: 7
A4: 2024-03 | B4: 5 | C4: 5 | D4: 2 | E4: 2 | F4: 7 | G4: 7
A5: 2024-04 | B5: 5 | C5: 5 | D5: 2 | E5: 2 | F5: 7 | G5: 7
A6: 2024-05 | B6: 5 | C6: 5 | D6: 2 | E6: 2 | F6: 7 | G6: 7
A7: 2024-06 | B7: 5 | C7: 5 | D7: 2 | E7: 2 | F7: 7 | G7: 7
A8: 2024-07 | B8: 7 | C8: 7 | D8: 2 | E8: 2 | F8: 9 | G8: 9
A9: 2024-08 | B9: 8 | C9: 8 | D9: 6 | E9: 6 | F9: 14 | G9: 14
A10: 2024-09 | B10: 11 | C10: 11 | D10: 6 | E10: 6 | F10: 17 | G10: 17
A11: 2024-10 | B11: 13 | C11: 13 | D11: 6 | E11: 6 | F11: 19 | G11: 19
A12: 2024-11 | B12: 13 | C12: 13 | D12: 6 | E12: 6 | F12: 19 | G12: 19
A13: 2024-12 | B13: 13 | C13: 13 | D13: 6 | E13: 6 | F13: 19 | G13: 19
... A35: 2026-10 | B35: 34 | C35: 32 | D35: 88 | E35: 47 | F35: 122 | G35: 78
A36: 2026-11 | B36: 34 | D36: 88 | F36: 122
A37: 2026-12 | B37: 34 | D37: 88 | F37: 122
A38: 2027-01 | B38: 34 | D38: 99 | F38: 133
A39: 2027-02 | B39: 34 | D39: 99 | F39: 133
A40: 2027-03 | B40: 34 | D40: 119 | F40: 153
A41: 2027-04 | B41: 34 | D41: 131 | F41: 165
A42: 2027-05 | B42: 34 | D42: 131 | F42: 165
A43: 2027-06 | B43: 34 | D43: 131 | F43: 165
A44: 2027-07 | B44: 34 | D44: 132 | F44: 166
A45: 2027-08 | B45: 34 | D45: 132 | F45: 166
A46: 2027-09 | B46: 34 | D46: 132 | F46: 166
A47: 2027-10 | B47: 34 | D47: 132 | F47: 166
... A61: 2028-12 | B61: 34 | D61: 132 | F61: 166

Sheet Dinh bien
A1: group | B1: filled | C1: required
A2: Onshore | B2: 32 | C2: 34
A3: Offshore | B3: 47 | C3: 50
A4: Outsource | B4: 9 | C4: 38

Sheet CBTA
A1: platform | B1: team | C1: modules | D1: developing | E1: review | F1: completed | G1: theory_pct | H1: ojt_modules | I1: ojt_pct
A2: CPP | B2: P&P | C2: 36 | D2: 6 | E2: 1 | F2: 27 | G2: 3.87 | H2: 36 | I2: 0
A3: CPP | B3: E&I | C3: 39 | D3: 1 | F3: 35 | G3: 7.85 | H3: 39 | I3: 0
A4: CPP | B4: M&R | C4: 38 | D4: 6 | E4: 1 | F4: 27 | G4: 1.48 | H4: 38 | I4: 0
A5: CPP | B5: Deck crew | C5: 11 | D5: 0 | E5: 0 | F5: 11 | G5: 6.25 | H5: 11 | I5: 0
A6: WHP | B6: P&P | C6: 21 | D6: 0 | E6: 0 | F6: 21 | G6: 0 | H6: 29 | I6: 0
A7: WHP | B7: E&I | C7: 24 | D7: 2 | E7: 2 | F7: 20 | G7: 0 | H7: 35 | I7: 0
A8: WHP | B8: M&R | C8: 22 | D8: 0 | E8: 1 | F8: 21 | G8: 0 | H8: 31 | I8: 0

Sheet Dao tao bat buoc
A1: team | B1: planned | C1: earned | D1: balance
A2: Management | B2: 263 | C2: 72 | D2: 191
A3: CPP P&P | B3: 334 | C3: 195 | D3: 139
A4: CPP M&R | B4: 210 | C4: 92 | D4: 118
A5: CPP E&I | B5: 270 | C5: 96 | D5: 174
A6: CPP Deck crew | B6: 72 | C6: 19 | D6: 53
A7: WHP team | B7: 250 | C7: 130 | D7: 120

Sheet Dao tao vendor
A1: course | B1: period
A2: ICSS – EPCI#2 | B2: 2026-09
A3: Asset Integrity Management | B3: 2026-10
A4: E-house | B4: 2026-10
A5: Gas Conditioning and Processing – G-4 | B5: 2026-10
A6: ICSS – EPCI#1 | B6: 2026-11
A7: Gas Purification Technology: Mercury Removal | B7: 2026-11
A8: ICSS – EPCI#1 | B8: 2026-12
A9: E-house | B9: 2026-12
A10: Telecom System (CPC0-TEL001) | B10: 2027-01
A11: HVAC system (MEL 41 – HVAC) | B11: 2027-03
A12: Mark CS O&M | B12: 2027-04
... A20: Vapour Recovery Compressor (CPPT-MEC005) | B20: 2028

Sheet ORR theo team
A1: team | B1: weight_pct | C1: total_activities | D1: completed | E1: plan_pct | F1: actual_pct | G1: plan_end_pct
A2: Offshore | B2: 25.5 | C2: 89 | D2: 57 | E2: 69.5 | F2: 76.8 | G2: 99
A3: Production OPS | B3: 13.2 | C3: 59 | D3: 23 | E3: 71.3 | F3: 66.5 | G3: 98
A4: Asset Integrity | B4: 11.2 | C4: 53 | D4: 20 | E4: 45.6 | F4: 64.4 | G4: 89
A5: Manager OPS | B5: 12.5 | C5: 80 | D5: 57 | E5: 77.1 | F5: 70.6 | G5: 94
A6: E&I | B6: 9.1 | C6: 32 | D6: 21 | E6: 65.7 | F6: 79.4 | G6: 82
A7: M&R | B7: 8.7 | C7: 48 | D7: 25 | E7: 70.6 | F7: 63.9 | G7: 98
A8: Application Eng | B8: 6.9 | C8: 28 | D8: 10 | E8: 67 | F8: 71.3 | G8: 96
A9: Marine | B9: 6.8 | C9: 49 | D9: 27 | E9: 71.9 | F9: 71.1 | G9: 95
A10: Production Eng | B10: 6 | C10: 36 | D10: 14 | E10: 60.6 | F10: 57.3 | G10: 99

Sheet ORR theo thang
A1: month | B1: plan_pct | C1: actual_pct
A2: 2026-10 | B2: 67.2 | C2: 70.5
A3: 2026-11 | B3: 71
A4: 2026-12 | B4: 75
A5: 2027-01 | B5: 80
A6: 2027-02 | B6: 83
A7: 2027-03 | B7: 87
A8: 2027-04 | B8: 90
A9: 2027-05 | B9: 93
A10: 2027-06 | B10: 95

Sheet ORR hang muc
A1: group | B1: code | C1: element | D1: items | E1: progress_pct
A2: PEOPLE | B2: PE-01 | C2: Organization, Manning & Accountability | D2: 14 | E2: 64.3
A3: PEOPLE | B3: PE-02 | C3: Competency, Training & Authorization | D3: 26 | E3: 59.9
A4: PEOPLE | B4: PE-03 | C4: Personnel Mobilization & Fitness for Duty | D4: 3 | E4: 83.7
A5: PEOPLE | B5: PE-04 | C5: HR Policies, Employment Conditions & Retention | D5: 5 | E5: 100
A6: PLANT | B6: PL-01 | C6: Facilities, Process & Utilities Readiness | D6: 11 | E6: 77.2
A7: PLANT | B7: PL-02 | C7: Wells, Flowlines & Export Systems Readiness | D7: 20 | E7: 80.2
A8: PLANT | B8: PL-03 | C8: Asset Integrity & Safety Barrier Readiness | D8: 8 | E8: 14.1
A9: PLANT | B9: PL-04 | C9: Spares, Materials, Consumables & Tools Readiness | D9: 15 | E9: 61.8
A10: PLANT | B10: PL-05 | C10: Metering, Sampling, Analysers & Environmental Monitoring | D10: 2 | E10: 0
A11: PLANT | B11: PL-06 | C11: Onshore Base, Port & Support Infrastructure | D11: 4 | E11: 72.3
A12: PROCESS | B12: PR-01 | C12: ORR Governance, Readiness Acceptance & Financial Readiness | D12: 18 | E12: 85.8
A13: PROCESS | B13: PR-02 | C13: Legal Compliance, Licences, Permits, Certification & Security | D13: 20 | E13: 81.5
... A25: PROCESS | B25: PR-14 | C25: Design, Engineering, Operability & Maintainability Assurance | D25: 22 | E25: 89.3

Sheet ORR tong nhom
A1: group | B1: items | C1: progress_pct
A2: PEOPLE | B2: 48 | C2: 66.3
A3: PLANT | B3: 60 | C3: 61.4
A4: PROCESS | B4: 590 | C4: 66
A5: TOTAL | B5: 698 | C5: 65.6

Sheet Quy trinh
A1: id | B1: category | C1: document | D1: level | E1: issued | F1: responsible | G1: expected | H1: completion_pct | I1: remark
A2: HSE-01 | B2: HSE | C2: Permit to Work Procedure | D2: Company | E2: Yes | F2: Offshore | G2: Jan-25 | H2: 100 | I2: Issued on 25-Mar-25
A3: HSE-02 | B3: HSE | C3: Equipment Isolation Philosophy | D3: Company | E3: Yes | F3: Offshore | G3: Jan-25 | H3: 100
A4: HSE-03 | B4: HSE | C4: Lock-out Tag-out Procedure | D4: Company | E4: Yes | F4: Offshore | G4: Jan-25 | H4: 100 | I4: Issued
A5: HSE-04 | B5: HSE | C5: Hot work control procedure | D5: Department | E5: Yes | F5: Offshore | G5: Jan-25 | H5: 100 | I5: Issued on 25-Mar-25
A6: HSE-05 | B6: HSE | C6: Respirator Protection procedure | D6: Department | E6: Yes | F6: Offshore | G6: Mar-25 | H6: 100 | I6: Issued 09 Jun 25
A7: HSE-06 | B7: HSE | C7: HV/MV procedure | D7: Department | E7: Yes | F7: Kiet HT | G7: Mar-25 | H7: 100 | I7: Issued
A8: HSE-07 | B8: HSE | C8: ToolBox Talk procedure | D8: Company | E8: Yes | F8: Offshore | G8: Mar-25 | H8: 100 | I8: Issued on 17 Jan 25
A9: HSE-08 | B9: HSE | C9: Electrical Code of Practice | D9: Company | E9: Yes | F9: Kiet HT | G9: Jun-26 | H9: 100 | I9: Issued
A10: HSE-09 | B10: HSE | C10: H2S procedure | D10: Company | E10: Yes | F10: Offshore | G10: Mar-25 | H10: 100 | I10: Issued
A11: HSE-10 | B11: HSE | C11: Scaffolding Procedure | D11: Department | E11: Yes | F11: Offshore | G11: Mar-25 | H11: 100 | I11: Issued on 22/01/25
A12: HSE-11 | B12: HSE | C12: Electrical safety procedure | D12: Department | E12: Yes | F12: Kiet HT | G12: Mar-25 | H12: 100 | I12: Issued on Oct 24
A13: HSE-12 | B13: HSE | C13: Marine Operations Manual | D13: Department | E13: Yes | F13: Thanh NN | G13: Mar-25 | H13: 100 | I13: Issued
A14: HSE-13 | B14: HSE | C14: Working at Height Procedure | D14: Department | E14: Yes | F14: Offshore | G14: Apr-25 | H14: 100 | I14: Issued on 22/01/25
A15: HSE-14 | B15: HSE | C15: Overside Working Procedure | D15: Department | E15: Yes | F15: Offshore | G15: Apr-25 | H15: 100 | I15: Issued on 22/01/25
... A49: GEN-08 | B49: General operations | C49: Maintenance, inspection, repair & overhaul of electrical installations in Hazardous Areas | D49: Department | E49: Yes | F49: Anh HT Kiet | G49: Sep-25 | H49: 100 | I49: Issued
A50: GEN-09 | B50: General operations | C50: Well Handover Procedure | D50: Department | E50: Yes | F50: DCD | G50: Sep-25 | H50: 100
A51: GEN-10 | B51: General operations | C51: Instrument Calibration Procedure | D51: Department | E51: Yes | F51: Offshore | G51: Sep-25 | H51: 100 | I51: Issued
A52: GEN-11 | B52: General operations | C52: Well Integrity Procedure | D52: Department | E52: Yes | F52: DCD | G52: Sep-25 | H52: 100 | I52: Issued
A53: GEN-12 | B53: General operations | C53: Errant Vessel Response Procedure | D53: Department | E53: Yes | F53: NN Thanh | G53: Sep-25 | H53: 100 | I53: Issued
A54: GEN-13 | B54: General operations | C54: Fuel management and bunkering procedure | D54: Department | E54: No | F54: NN Thanh | G54: Dec-26 | H54: 75 | I54: Ongoing
A55: GEN-14 | B55: General operations | C55: Platform Standing Instruction | D55: Department | E55: Yes | F55: Offshore | G55: Dec-26 | H55: 100 | I55: Issued on 13 Feb 25
A56: GEN-15 | B56: General operations | C56: Shutdown and start up procedure including field start up | D56: Department | E56: No | F56: Offshore | G56: Dec-26 | H56: 60 | I56: Ongoing
A57: GEN-16 | B57: General operations | C57: E&I Tools Re-Certification Procedure | D57: Department | E57: Yes | F57: HT Kiet | G57: Dec-26 | H57: 100 | I57: Issued
A58: GEN-17 | B58: General operations | C58: Coating Maintenance & Repair Procedure | D58: Department | E58: Yes | F58: Offshore | G58: Jan-26 | H58: 100 | I58: Issued
A59: GEN-18 | B59: General operations | C59: CPP Export Gas Metering procedure | D59: Department | E59: No | F59: Anh HT Kiet + Offshore | G59: Dec-26 | H59: 0 | I59: DX lead to work with Biên
A60: GEN-19 | B60: General operations | C60: Controlled Gas Offspec Procedure | D60: Department | E60: No | F60: Offshore + Thuy | G60: Dec-26 | H60: 50 | I60: Ongoing
A61: GEN-20 | B61: General operations | C61: Hot bolting procedure | D61: Department | E61: Yes | F61: Offshore | G61: Jun-26 | H61: 100 | I61: Issued 27 May 25
A62: GEN-21 | B62: General operations | C62: Housekeeping Guidelines | D62: Department | E62: Yes | F62: Offshore | G62: Dec-26 | H62: 100 | I62: Issued on 11 Jan 25
... A72: GEN-31 | B72: General operations | C72: P&P Critical Function Testing | D72: Department | E72: No | F72: Offshore | G72: Jan-27 | H72: 75 | I72: Reviewing

Sheet Goi chua co PR
A1: dimension | B1: category | C1: count
A2: status | B2: Open | C2: 19
A3: status | B3: PR Request | C3: 7
A4: status | B4: Screening | C4: 7
A5: priority | B5: Priority 1 | C5: 3
A6: priority | B6: Priority 2 | C6: 8
A7: priority | B7: Priority 3 | C7: 15
A8: scr_timing | B8: This month | C8: 1
A9: scr_timing | B9: Next month | C9: 2
A10: scr_timing | B10: Not set | C10: 16

Sheet PR dang xu ly
A1: stage | B1: status | C1: count
A2: 1 CSP Preparation | B2: Near-late | C2: 1
A3: 1 CSP Preparation | B3: On time | C3: 1
A4: 2 CSP Approval | B4: Late | C4: 1
A5: 2 CSP Approval | B5: On time | C5: 1
A6: 3 Bidding | B6: Near-late | C6: 1
A7: 3 Bidding | B7: On time | C7: 1
A8: 4 Evaluation | B8: Late | C8: 1
A9: 4 Evaluation | B9: On time | C9: 2
A10: 5 TCEAR Approval | B10: Late | C10: 1
A11: 6 Contract Signing | B11: On time | C11: 1

Sheet CMMS
A1: package | B1: actual_pct | C1: plan_pct
A2: EPCI#2 | B2: 82.11 | C2: 85
A3: EPCI#1 | B3: 41.58 | C3: 42.3

Sheet Trang thai cong viec
A1: area | B1: item | C1: status
A2: Manpower | B2: Vacant positions | C2: Document Control, OIM, HSE, FSO
A3: Applications | B3: PDMS | C3: Technical evaluation
A4: Applications | B4: AIMS | C4: TCEAR
A5: Applications | B5: OSCC | C5: ITB
A6: Applications | B6: HRIS | C6: Platform built (production launch); preparing test and data population
A7: Applications | B7: EAM/SAP | C7: Training and UAT phase 2 completed (Plant maintenance, Inventory & Warehouse); preparing phase 3 kick-off (KPI, reports)
A8: Applications | B8: OMS | C8: Phase 1 blueprint completed; platform development continuing
A9: Logistics & services | B9: Helicopter | C9: Combine with DCD's contract
A10: Logistics & services | B10: Supply vessel, FCB, security boat | C10: ITB
A11: Logistics & services | B11: Vessel inspection | C11: Combine with DCD to 2030
A12: Logistics & services | B12: MGO | C12: Change to contract
... A18: Commissioning | B18: Installation, pre-com, com | C18: E-house, HVAC, Crane, FM200, LQ UPS

Sheet Giay phep
A1: permit | B1: facility | C1: authority | D1: issue_date | E1: expiry_date | F1: renewal_date | G1: status
A2: Frequency certificate for FSO DMR (CPP) | B2: CPP – FSO | C2: Radio Frequency Authority (ARFM) | D2: 2025-07-31 | E2: 2028-07-30 | F2: 2028-02-01 | G2: Issued
A3: Frequency certificate for FSO DMR (LQ) | B3: LQ – FSO | C3: Radio Frequency Authority (ARFM) | D3: 2025-07-31 | E3: 2028-07-30 | F3: 2028-02-01 | G3: Issued
A4: UHF radio frequency license | B4: CPP | C4: Radio Frequency Authority (ARFM) | D4: 2025-07-21 | E4: 2028-07-20 | F4: 2028-01-22 | G4: Issued
A5: Frequency licenses for temporary DMRs | B5: AQWA, KLWA, KLWB, CVWA | C5: Radio Frequency Authority (ARFM) | D5: 2025-08-13 | E5: 2027-08-12 | G5: Temporary
A6: Frequency license for VHF Airband (CPP, LQ) | B6: CPP, LQ | C6: Radio Frequency Authority (ARFM) | G6: Waiting for helideck license
A7: Frequency license for NDB (LQ) | B7: LQ | C7: Radio Frequency Authority (ARFM) | G7: Waiting for helideck license
A8: FSO certificate (class & flag state) | B8: FSO | C8: PPS | G8: No update in report
A9: Helideck operation approval | B9: Helideck | C9: MM Marine | G9: No update in report
A10: ISPS | B10: Marine | C10: MM Marine | G10: No update in report
A11: Port license | B11: Marine | C11: MM Marine | G11: No update in report

Sheet Pre-com
A1: activity | B1: plan_start | C1: plan_finish | D1: actual_start | E1: actual_finish
A2: Pre-commissioning Hydraulic Power Unit (with TUTU) (CPPT-04-01) | B2: 2027-01-04 | C2: 2027-01-13
A3: Pre-commissioning Inlet Separators Train 1 (CPPT-10-01) | B3: 2027-01-06 | C3: 2027-01-23
A4: Pre-commissioning Production & Pipeline Compressor Train 1 (CPPT-11-01) | B4: 2026-12-15 | C4: 2026-12-25
A5: Pre-commissioning Production Compressor Suction Train 1 (CPPT-11-02) | B5: 2026-12-03 | C5: 2026-12-12
A6: Pre-commissioning Production Compressor Discharge Train 1 (CPPT-11-03) | B6: 2027-01-05 | C6: 2027-01-08
A7: Pre-commissioning Gas Turbine Lube Oil Train 1 (CPPT-11-04) | B7: 2026-10-13 | C7: 2026-11-16
A8: Pre-commissioning UCP for Production & Pipeline Compressor Train 1 (CPPT-11-05) | B8: 2026-11-16 | C8: 2026-12-08
A9: Comm Train 1 – Production & Pipeline Compressor System (FTP) | B9: 2027-01-09 | C9: 2027-02-19
A10: Pre-commissioning Glycol Dehydration Train 1 (CPPT-12-01) | B10: 2027-01-04 | C10: 2027-01-23
A11: Pre-commissioning Glycol Regeneration Train 1 (CPPT-12-02) | B11: 2026-11-02 | C11: 2026-11-19
A12: Comm Train 1 – Glycol Regeneration (FTP) | B12: 2027-01-25 | C12: 2027-02-26
A13: Pre-commissioning Expander Suction Train 1 (CPPT-13-01) | B13: 2026-10-31 | C13: 2026-11-13
... A18: Pre-commissioning UCP – Turbo Expander Package Train 1 (CPPT-13-06) | B18: 2026-10-17 | C18: 2026-10-26

Sheet Trinh tu khoi dong
A1: step | B1: phase | C1: action
A2: 1 | B2: Preparation | C2: Dewater and purge export gas pipelines; purge process systems; start LQ emergency DG for power; start LQ air compressor
A3: 2 | B3: Start up CPP | C3: Start 1 GTG on diesel mode; start CPP air compressor
A4: 3 | B4: First well | C4: Open 1st AQWA well to test separator; pressurize AQWA process; drain completion liquid to sea
A5: 4 | B5: Pressurize CPP | C5: Route gas and liquid to CPP; pressurize CPP and flare tower; route liquid to liquid separation system
A6: 5 | B6: Gas & fuel gas | C6: Route gas to gas system and start fuel gas system (purging/blanket gas, fuel gas, chemical system)
A7: 6 | B7: Second well | C7: Open 2nd AQWA well to test; switch 1st well out of test
A8: 7 | B8: GTG to fuel gas | C8: Switch GTG to fuel gas; start 2nd GTG on fuel gas; start glycol regeneration and hot oil systems in cold circulation
A9: 8 | B9: Third well | C9: Open 3rd AQWA well; switch 2nd well out of test and 3rd well to test
A10: 9 | B10: Ramp up wells | C10: Open 4th–7th wells on AQWA, then 8th well and re-open other wells
A11: 10 | B11: GTC & WHRU | C11: Start GTC in circulation mode; start WHRU to heat hot oil and glycol regeneration
A12: 11 | B12: Dew point | C12: Start dew point system (JT valve); open MRU bypass; switch dew point from JT valve to expander unit if needed
A13: 12 | B13: MRU | C13: Start MRU; close bypass line when gas dew point is on spec
... A15: 14 | B15: Condensate & PW | C15: Condensate to stabilizer in circulation (VRU recycle at turndown), export to FSO when on spec; produced water injected into AQWA wells if on spec, off-spec to FSO
